,actor_loss,critic_loss
0,-0.03150996156036854,4.276406233572061e-07
1,-0.031558990478515625,3.4175566856475823e-07
2,-0.031041400600224735,5.083708973785406e-08
3,-0.030937213078141214,8.513395059139839e-07
4,-0.030649232491850854,1.9354729211329413e-06
5,-0.03086179429665208,4.265913160850232e-06
6,-0.03060846831649542,5.180889721856374e-06
7,-0.03070156369358301,4.625287824921997e-06
8,-0.030721235554665327,6.331643598400661e-06
9,-0.030809323489665984,7.349353552399407e-06
10,-0.03063976503908634,7.159282463931049e-06
11,-0.031154376920312643,9.802651700852038e-06
12,-0.03120242841541767,9.853039003360209e-06
13,-0.031194212008267642,8.096239224641976e-06
14,-0.03146717920899391,8.697621007058843e-06
15,-0.03177996193990111,9.38011424409524e-06
16,-0.0320927694439888,1.0033826555400083e-05
17,-0.032071420922875404,6.7104954780461416e-06
18,-0.032427466474473476,9.137088591160137e-06
19,-0.03198781833052635,5.489996405572129e-06
20,-0.03211084958165884,6.216417787641149e-06
21,-0.03225425723940134,6.669569214068361e-06
22,-0.03201132249087095,4.7017223195666705e-06
23,-0.03211416471749544,6.9650775202489966e-06
24,-0.03186688357964158,3.313992210962624e-06
25,-0.03218557070940733,5.178372623504401e-06
26,-0.03209953997284174,5.394979493189567e-06
27,-0.03186205457895994,4.443650918517505e-06
28,-0.03182476237416267,4.816173316157801e-06
29,-0.03227565437555313,6.870092138910877e-06
30,-0.03238159380853176,7.351439734293308e-06
31,-0.032070378120988605,5.8351468538830885e-06
32,-0.03218834605067968,6.04578245599896e-06
33,-0.03228591363877058,6.4542576410531184e-06
34,-0.03232312966138125,7.332286054406723e-06
35,-0.032404153048992156,9.080942680839143e-06
36,-0.03257502559572458,6.297776380392861e-06
37,-0.0330567255616188,9.405282401075966e-06
38,-0.032868233323097226,6.426942201187558e-06
39,-0.032636447437107564,6.54790251957138e-06
40,-0.032426259387284516,5.467714760243325e-06
41,-0.03306303434073925,9.75145461552529e-06
42,-0.03275860343128443,6.004595047670591e-06
43,-0.032650711759924886,7.348126314354886e-06
44,-0.03299227748066187,9.158794429708906e-06
45,-0.033309652283787725,1.0504139135036894e-05
46,-0.03343981429934502,8.508427356446191e-06
47,-0.03301489669829607,5.739934707094108e-06
48,-0.033617209456861016,8.86611771875323e-06
49,-0.03365385923534632,8.656671252538217e-06
50,-0.03367172498255968,1.0853918331577006e-05
51,-0.033402322046458724,9.054237648342677e-06
52,-0.03383151441812515,7.888658001320436e-06
53,-0.034001605771481994,7.322934868625452e-06
54,-0.034368814900517464,1.038448351664556e-05
55,-0.03409553300589323,1.2706395534678449e-05
56,-0.03436443246901035,8.3654098034458e-06
57,-0.03431924022734165,9.939184153040515e-06
58,-0.0339451739564538,8.169412743086468e-06
59,-0.0346297163516283,7.67364065836773e-06
60,-0.03451034314930439,9.914655925058468e-06
61,-0.03430598489940166,8.282893116984268e-06
62,-0.03412787988781929,8.616948369422061e-06
63,-0.03458656836301088,1.0912879884017456e-05
64,-0.034605204872786996,9.476362725990839e-06
65,-0.034667248278856276,8.945041172125911e-06
66,-0.03470333777368069,7.479076634808734e-06
67,-0.03481700513511896,1.1133452699141343e-05
68,-0.03466499783098698,8.425283414226215e-06
69,-0.0350112859159708,8.631054623720046e-06
70,-0.03507869355380535,8.490755237744452e-06
71,-0.035137998126447204,1.2395043347623868e-05
72,-0.0352728633210063,1.1747736891720706e-05
73,-0.035498701967298985,1.1196736488727766e-05
74,-0.03629291672259569,1.1721214787030475e-05
75,-0.03564542345702648,7.465589038702092e-06
76,-0.03568621147423982,8.427843033587123e-06
77,-0.03573558423668146,1.1173130008046429e-05
78,-0.03603949956595898,1.4820351850630686e-05
79,-0.035986670292913914,1.2779084386238537e-05
80,-0.03614662159234285,9.715289206724264e-06
81,-0.03599719069898129,1.0184810897584384e-05
82,-0.035416746698319915,1.1755255138723442e-05
83,-0.036135605350136754,1.0391193927716814e-05
84,-0.03637124914675951,1.244226648395852e-05
85,-0.03595639523118734,1.2641491889553435e-05
86,-0.035617745667696,1.2949597862643714e-05
87,-0.03592659533023834,1.191258681956242e-05
88,-0.03568307664245367,1.0866183311009081e-05
89,-0.03632467370480299,1.1380561420537561e-05
90,-0.03600266296416521,1.1886850404607686e-05
91,-0.03616714272648096,9.815809147539766e-06
92,-0.03635737337172031,1.1169762029794583e-05
93,-0.0368030721321702,1.1864098280511825e-05
94,-0.03669701125472784,1.0731882014169969e-05
95,-0.036589492298662665,8.705114862550544e-06
96,-0.03702873829752207,1.2598801629337685e-05
97,-0.03646447602659464,1.0622453760333884e-05
98,-0.03696498442441225,1.1217922417472436e-05
99,-0.03761073090136051,1.6898402873266604e-05
100,-0.03795601762831211,1.1808891281361867e-05
101,-0.037300989776849744,1.3831830392518895e-05
102,-0.03763524703681469,1.4097458097239723e-05
103,-0.03784936722368002,1.222391314286142e-05
104,-0.03719261903315783,1.0152927927720157e-05
105,-0.03773738462477923,1.2097289459234162e-05
106,-0.03804389536380768,1.783539003099577e-05
107,-0.03832835741341114,1.4217517036740902e-05
108,-0.037786577641963956,1.6512338925167568e-05
109,-0.03845082558691502,1.49934073078839e-05
110,-0.037248223274946216,1.1951438943924586e-05
111,-0.038646400533616544,1.189640088341548e-05
112,-0.038077430613338945,1.418957501755358e-05
113,-0.03849129676818848,1.4444155272030913e-05
114,-0.03847253266721964,1.6439669047940696e-05
115,-0.03845532517880201,1.1582555566747033e-05
116,-0.03851520773023367,1.0622275385685499e-05
117,-0.039198325201869014,1.668635416081088e-05
118,-0.03995602764189243,1.6023955618038598e-05
119,-0.039899998158216474,1.3412598127615638e-05
120,-0.04034027047455311,2.2806830793342668e-05
121,-0.03931908328086138,1.7625271908627838e-05
122,-0.03996928445994854,1.9164444302077756e-05
123,-0.04104992169886827,2.0758346227012226e-05
124,-0.039682547375559804,1.7363042320539535e-05
125,-0.04106612354516983,1.760507961989788e-05
126,-0.04195603858679533,1.7482698672210974e-05
127,-0.041303453594446184,1.539117313313909e-05
128,-0.04131176769733429,1.978447243118353e-05
129,-0.041955293901264665,2.2330730371322715e-05
130,-0.04226898793131113,1.9225267737965624e-05
131,-0.04257357474416494,1.9451107846180093e-05
132,-0.04132062587887049,2.325466005004273e-05
133,-0.042717804200947285,2.2660580680167185e-05
134,-0.04305171705782414,2.4224173466791397e-05
135,-0.0431889321655035,2.0055172740285343e-05
136,-0.04355196226388216,2.3238557605509414e-05
137,-0.04389498699456453,2.3825788844078488e-05
138,-0.04441450871527195,2.5340087313452385e-05
139,-0.044099905714392665,2.5110789579230186e-05
140,-0.04464402254670859,2.6777337961902958e-05
141,-0.04542629551142454,2.1786326169603853e-05
142,-0.0434192631393671,2.197210169470054e-05
143,-0.04616412352770567,2.6254129875269427e-05
144,-0.044207881577312945,2.6058477260448853e-05
145,-0.0453977869823575,2.4907256602091365e-05
146,-0.04594071470201015,2.5546992856106953e-05
147,-0.04468894824385643,2.975116344714479e-05
148,-0.0461576022207737,2.476160389051074e-05
149,-0.046201602555811405,2.82847377093276e-05
150,-0.04703398738056421,2.9041947300356696e-05
151,-0.04651894215494394,3.359346915203787e-05
152,-0.04624560158699751,2.8055965276507778e-05
153,-0.04722635503858328,3.4362698079348776e-05
154,-0.04722482431679964,2.5761716278793757e-05
155,-0.047662498988211156,2.3843848657634227e-05
156,-0.046584469825029375,3.038972795366135e-05
157,-0.04779807850718498,3.020990866389184e-05
158,-0.04871585313230753,2.915264235525683e-05
159,-0.04840387236326933,3.877225590258604e-05
160,-0.048500898852944375,3.2573808857705445e-05
161,-0.0496590755879879,2.9030129826423946e-05
162,-0.04646589569747448,3.2231347631750396e-05
163,-0.049117390997707844,2.845699837052962e-05
164,-0.04893753733485937,3.655027210243133e-05
165,-0.05023288335651159,4.102195189261693e-05
166,-0.05060574095696211,4.027090735689853e-05
167,-0.05046619642525911,4.0143719934349066e-05
168,-0.051432359777390954,4.6733116960240295e-05
169,-0.05031341798603535,3.838689881376922e-05
170,-0.0508209902793169,3.617895463321474e-05
171,-0.05004456155002117,3.5214034323871604e-05
172,-0.05082336459308863,4.635367959053838e-05
173,-0.05136984158307314,3.4413228513585635e-05
174,-0.051282378286123274,2.946467502624728e-05
175,-0.05139475408941507,4.120901376154506e-05
176,-0.050306050851941106,3.8196086961761466e-05
177,-0.05252067521214485,4.5559157297248023e-05
178,-0.051998105645179746,4.1152523408527486e-05
179,-0.0524295587092638,4.40099591287435e-05
180,-0.05254927482455969,4.242378781782463e-05
181,-0.05049149114638567,4.021351696792408e-05
182,-0.05083179492503405,4.32757314229093e-05
183,-0.05223299730569124,5.110672555019846e-05
184,-0.05269495714455843,4.852023694184027e-05
185,-0.052710316702723505,5.5967602202144916e-05
186,-0.05320256315171719,5.233581559878075e-05
187,-0.05239134356379509,5.07206946167571e-05
188,-0.05093155298382044,4.395696059873444e-05
189,-0.05198809374123812,4.311550346756121e-05
190,-0.05614340789616108,5.438194766611559e-05
191,-0.05472064502537251,7.042926463327604e-05
192,-0.053365391492843625,4.9582976407691605e-05
193,-0.053456975519657134,6.338791181406122e-05
194,-0.054358265548944476,5.010191416658927e-05
195,-0.05312506817281246,4.992454832972726e-05
196,-0.05269832331687212,4.8094584417412986e-05
197,-0.054055041447281835,5.37794343472342e-05
198,-0.05262324158102274,7.049105515761766e-05
199,-0.055065234936773774,6.853214690636378e-05
200,-0.05578529704362154,5.915693127462873e-05
201,-0.05459340587258339,5.412322270785808e-05
202,-0.05532888062298298,5.6794248939695537e-05
203,-0.05467218924313784,5.481510088429786e-05
204,-0.0548682950437069,6.108779152782517e-05
205,-0.055016572773456576,5.7358834146725714e-05
206,-0.05549755096435547,6.073859849493601e-05
207,-0.05533167067915201,6.61052887153346e-05
208,-0.054565075784921646,5.402314000093611e-05
209,-0.05741037912666798,7.285795381903882e-05
210,-0.05714146476238966,5.484035691551981e-05
211,-0.05637887753546238,5.0845527402998415e-05
212,-0.056746456772089005,5.232606727076927e-05
213,-0.056323851086199285,6.270226676861058e-05
214,-0.05781469065696001,6.55261984320532e-05
215,-0.05705848056823015,5.9857312498934335e-05
216,-0.057122863829135895,6.877211799292127e-05
217,-0.05778209250420332,5.745274193031946e-05
218,-0.056980731710791585,5.566148156503914e-05
219,-0.057197805307805535,5.809146687170141e-05
220,-0.05712826810777187,7.591498897454584e-05
221,-0.055645260587334634,6.401761720553623e-05
222,-0.05738789085298777,7.199466544989263e-05
223,-0.05748651251196861,5.480804102262482e-05
224,-0.05847107656300068,7.11171377588471e-05
225,-0.06134200617671013,8.046707134781172e-05
226,-0.06153803505003452,8.215261022996856e-05
227,-0.05998751875013113,7.722627851762809e-05
228,-0.05952138453722,6.121898331912234e-05
229,-0.05877465698868036,8.63755858517834e-05
230,-0.060473259352147576,7.056467866277672e-05
231,-0.05921212751418352,6.25336249868269e-05
232,-0.06301725097000599,8.758782587392488e-05
233,-0.062413119710981846,7.939382030599517e-05
234,-0.06324539687484503,8.856633430696093e-05
235,-0.06357664819806814,7.268417321029119e-05
236,-0.059261846356093884,7.434903909597779e-05
237,-0.06371430289000272,7.123054292605957e-05
238,-0.05999008808284998,6.724463837599614e-05
239,-0.06118051744997501,7.072976331983228e-05
240,-0.06038920544087887,6.344468711176887e-05
241,-0.060973016545176506,7.062691074679605e-05
242,-0.0651769321411848,7.196216829470359e-05
243,-0.06665735635906458,0.0001234998229847406
244,-0.06042111683636904,6.86618365762115e-05
245,-0.06379296630620956,7.197541945060947e-05
246,-0.0631683262065053,8.090335259112181e-05
247,-0.060618098080158236,6.588448513866751e-05
248,-0.062368389777839185,7.146697407733882e-05
249,-0.06416166815906763,6.771317530365195e-05
250,-0.06281995195895433,7.899865158833563e-05
251,-0.06226626802235842,8.662841837576707e-05
252,-0.06241043582558632,7.608272708239383e-05
253,-0.06289754193276167,9.899365159071749e-05
254,-0.06253777705132961,7.03149124092306e-05
255,-0.06529628485441208,7.830023005226395e-05
256,-0.0635676097124815,7.333990124607226e-05
257,-0.06383660845458508,7.24016579624731e-05
258,-0.06444657929241657,8.808896363916574e-05
259,-0.061428950913250444,6.860269495518878e-05
260,-0.06315068937838078,9.197529525408754e-05
261,-0.06364755127578973,9.855857188085792e-05
262,-0.0679395666345954,7.563227718492272e-05
263,-0.06461693421006202,8.376547348234453e-05
264,-0.06404620334506035,8.420940775977215e-05
265,-0.0641959086060524,7.146305142669007e-05
266,-0.06410778984427452,7.520489507442107e-05
267,-0.06507153492420911,8.202737371902913e-05
268,-0.06433607973158359,8.278679306386038e-05
269,-0.06921541262418032,8.301139805553249e-05
270,-0.06697497610002756,7.97964150478947e-05
271,-0.06683837808668613,0.00010505013960937504
272,-0.06736930813640356,7.16667236702051e-05
273,-0.07006364408880472,8.857238681230229e-05
274,-0.06718633119016885,7.73681986174779e-05
275,-0.06717284042388201,9.714362995509873e-05
276,-0.06993917673826218,9.222645894624293e-05
277,-0.06816126089543104,7.843854173188447e-05
278,-0.06908814068883658,9.765894064912572e-05
279,-0.06977492850273848,9.684991655376508e-05
280,-0.07410291954874992,0.00012120642586523899
281,-0.07033337503671647,9.190748023684137e-05
282,-0.07193201053887606,9.28972459405486e-05
283,-0.07074274457991123,0.00010784180340124294
284,-0.06993415467441082,0.00010340143808207358
285,-0.0722876526415348,9.91087650618283e-05
286,-0.07467728834599256,0.00011256949146627448
287,-0.07449845038354397,0.00011062854828196578
288,-0.0726237066090107,8.454253111267462e-05
289,-0.0747196352109313,0.00010554917025729083
290,-0.07547179665416479,9.389267233927967e-05
291,-0.07484532538801432,0.0001075174428478931
292,-0.07489845417439937,0.00011407586898712908
293,-0.07601352371275424,0.00010091057974932482
294,-0.07646506316959858,0.00010414294756628806
295,-0.07827669158577918,0.00011632586647465359
296,-0.07767723109573126,0.00010568494926701532
297,-0.08147820755839348,0.00012753067421726881
298,-0.08005213737487793,0.0001143112254794687
299,-0.0820526447147131,0.00011558032820175867
300,-0.08162841834127903,9.772205066838069e-05
301,-0.08403454963117837,0.000111726450813876
302,-0.07870107609778643,9.890680557873565e-05
303,-0.08329067267477512,9.044108392117778e-05
304,-0.08479338102042674,0.00012536438371171243
305,-0.08087742254137993,0.00011287040360912215
306,-0.08384536653757095,0.00011005972573912004
307,-0.08364150226116181,9.120158520090627e-05
308,-0.08608172237873077,0.00012410913041094318
309,-0.08743271715939045,0.00011209876556677046
310,-0.0861178494989872,0.00011342694870108971
311,-0.08480753488838673,9.906642226269469e-05
312,-0.08823075667023658,0.00013341788780962816
313,-0.08671655915677548,0.00014541750242642594
314,-0.09167341589927673,0.00011551080715435091
315,-0.08757734224200249,0.00012192415597382933
316,-0.09042189344763756,0.00011734922900359379
317,-0.08468136675655842,0.00011137955625599716
318,-0.08976065739989281,0.00011835970653919503
319,-0.09012504406273365,0.00012370555250527105
320,-0.09497861191630363,0.0001255836097698193
321,-0.09229995533823968,0.00011092952045146375
322,-0.09450395703315735,0.0001448674509447301
323,-0.09516660496592522,0.00012233892193762584
324,-0.09485547840595246,0.00011123134681838565
325,-0.09155052565038205,0.0001287147737457417
326,-0.09570959247648717,0.0001298950708587654
327,-0.09545021131634712,0.00012385552690830082
328,-0.09683754518628121,0.00015048682180349716
329,-0.09414901286363601,0.00012861452560173348
330,-0.0930390939116478,0.00013171886021154933
331,-0.09864768087863922,0.00013157843677618074
332,-0.0989423081278801,0.00011793651756306645
333,-0.09911263920366764,0.00012700710321951193
334,-0.0971091590821743,0.00013864229622413405
335,-0.09813826493918895,0.0001275647016882431
336,-0.09764045104384422,0.00012217870280437638
337,-0.10278668440878391,0.00013919400153099558
338,-0.0977756641805172,0.00013125444675097243
339,-0.09731379263103009,0.00013395380228757857
340,-0.09888129457831382,0.00015278430691978429
341,-0.09870541058480739,0.00015040337093523702
342,-0.09753246605396271,0.00014109565199760254
343,-0.09955718405544758,0.00014561444622813725
344,-0.09639827087521553,0.00012625207691598916
345,-0.1039391152560711,0.00014058000160730444
346,-0.0975459337234497,0.00012999623832001816
347,-0.09990157820284366,0.0001304779765632702
348,-0.09906539395451545,0.00014401917323993984
349,-0.10173939168453217,0.000139338588269311
350,-0.09808781817555427,0.0001561260021844646
351,-0.0991502907127142,0.00011948767369176493
352,-0.10744476541876793,0.0001491071601776639
353,-0.10521209500730037,0.00013571951349149457
354,-0.10626062601804734,0.0001622604610020062
355,-0.10573369823396206,0.00014361505018314346
356,-0.10724905580282211,0.0001399897057126509
357,-0.10657948963344097,0.0001406167841196293
358,-0.10836134627461433,0.00014960443404561375
359,-0.11154254227876663,0.00015936934105411637
360,-0.10841861926019192,0.00014555398338416125
361,-0.10945076867938042,0.00014595963875763118
362,-0.11402739696204663,0.00015956710194586776
363,-0.11586631387472153,0.00016506818246853072
364,-0.11546180248260499,0.0001625120385142509
365,-0.1116827443242073,0.0001490214286604896
366,-0.11087344326078892,0.0001423192188667599
367,-0.10825160034000873,0.00017076135518436785
368,-0.11342771798372268,0.000152334987433278
369,-0.11281145587563515,0.0001469921538955532
370,-0.11583462096750737,0.00016741920189815572
371,-0.1160254254937172,0.00017567621398484334
372,-0.10954222418367862,0.00014718429047206883
373,-0.11969565078616143,0.00014663097135780845
374,-0.116059834882617,0.00015054641989991068
375,-0.12102097794413566,0.00015908601781120524
376,-0.11812103986740112,0.00016368646683986298
377,-0.11720365285873413,0.00019083606457570568
378,-0.11933225132524967,0.00017963618956855497
379,-0.12139351442456245,0.00016549487991142088
380,-0.12409929782152176,0.00017203542083734646
381,-0.12125395573675632,0.00016990926997095812
382,-0.1228296510875225,0.0001668330416578101
383,-0.12283460237085819,0.00017268077499466017
384,-0.12001717761158943,0.00014147733236313798
385,-0.12653507702052594,0.0001709887965262169
386,-0.12440016195178032,0.00016036603337852285
387,-0.1211807120591402,0.00016786187115940264
388,-0.12456470541656017,0.00016188837362278717
389,-0.12329101674258709,0.00017970767730730587
390,-0.1279235530644655,0.00016276965070574078
391,-0.13248962797224523,0.00018951033562188968
392,-0.12802266143262386,0.00014730653128935955
393,-0.1293387643992901,0.0001621680970856687
394,-0.12859542109072208,0.0001925917818880407
395,-0.13007596619427203,0.00014797302064835095
396,-0.13297521583735944,0.00016133089702634605
397,-0.12999463975429534,0.000182027370101423
398,-0.13053247146308422,0.00020495255594141782
399,-0.13170857727527618,0.00017963900572794955
400,-0.12932830043137072,0.00017618699130252934
401,-0.1355100043118,0.0002083631930872798
402,-0.128570818901062,0.00016777970122348052
403,-0.13113271594047546,0.00017546445487823804
404,-0.13220941424369811,0.00016822087964101228
405,-0.13218031078577042,0.00020070434729859698
406,-0.13091168366372585,0.0001620567560166819
407,-0.13336648009717464,0.00016434369099442846
408,-0.1317599855363369,0.0001976347943127621
409,-0.14209746830165387,0.00017689878804958426
410,-0.13993108607828617,0.00018663847549760249
411,-0.1403766456991434,0.00017974425536522177
412,-0.13605810031294824,0.00018177601086790673
413,-0.13705243915319443,0.00018391530829831026
414,-0.13876837119460106,0.00018869047453335953
415,-0.13146258965134622,0.00016431859221484048
416,-0.13304245583713054,0.0001549524731672136
417,-0.13950513005256654,0.00017034596494340802
418,-0.13608584627509118,0.00018188492977060377
419,-0.13746431469917297,0.0002045554283540696
420,-0.13790892139077188,0.00017849787909653969
421,-0.13664341978728772,0.00019970801113231574
422,-0.13803202398121356,0.00020184200620860794
423,-0.14035576730966567,0.0002017942606471479
424,-0.14036370441317558,0.00020785385131603107
425,-0.14142835102975368,0.00016897768691706005
426,-0.13531977199018003,0.00018480620601621923
427,-0.1419490747153759,0.0001830348908697488
428,-0.13919476196169853,0.0001687102332653012
429,-0.14028104469180108,0.00020223935644025914
430,-0.1405935987830162,0.00018701855588005857
431,-0.14345788285136224,0.0001919742066093022
432,-0.14001169577240943,0.0001960868528840365
433,-0.143539260327816,0.00019631662726169453
434,-0.14523256346583366,0.00019203458905394654
435,-0.14628121629357338,0.0001899206661619246
436,-0.14491011016070843,0.00019454981375019998
437,-0.1445131916552782,0.00016362321912311018
438,-0.14907260835170746,0.00017236108978977427
439,-0.143631686642766,0.00020157054023002275
440,-0.14840618148446083,0.00015723853503004647
441,-0.1438847541809082,0.00016787325257610063
442,-0.14691339544951915,0.0001843478596128989
443,-0.1484177052974701,0.0001895433095342014
444,-0.14692079350352288,0.00019915050688723568
445,-0.1461437687277794,0.00019034912911592984
446,-0.14929490089416503,0.00019409897795412688
447,-0.1467718169093132,0.0002496699831681326
448,-0.14797996692359447,0.00018398805877950508
449,-0.14866735003888606,0.00019126518272969407
450,-0.15021209120750428,0.0001649082169024041
451,-0.14908325523138047,0.0001917569379656925
452,-0.1511100597679615,0.00018358159686613363
453,-0.1530257284641266,0.00023236414454004263
454,-0.15234662666916848,0.00017585005007276778
455,-0.15441238433122634,0.00019150927946611773
456,-0.1485145702958107,0.00018265871767653152
457,-0.1555964432656765,0.00019225421165174338
458,-0.15628494769334794,0.0001727408638544148
459,-0.15453915297985077,0.00018397313469904476
460,-0.15368314161896707,0.00016285627898469102
461,-0.15416827648878098,0.00017415444017387927
462,-0.16424351260066034,0.0001987832201848505
463,-0.15547126457095145,0.0001912521718622884
464,-0.15635669082403184,0.00017381202815158758
465,-0.1569507047533989,0.0001929992351506371
466,-0.16013628914952277,0.00020712437435577158
467,-0.15482022240757942,0.00017795667590689846
468,-0.1594463087618351,0.00020659141810028814
469,-0.1535215936601162,0.0001923679192259442
470,-0.16284208074212075,0.00020946491058566609
471,-0.1604631155729294,0.00021038487975602038
472,-0.15965506434440613,0.00018900323411799035
473,-0.1601613335311413,0.00018657118271221408
474,-0.16105019226670264,0.0001663216251472477
475,-0.16415897086262704,0.00017440846422687173
476,-0.16027222573757172,0.00018174446922785136
477,-0.1593587726354599,0.000188459234777838
478,-0.1622578203678131,0.0001975195380509831
479,-0.15831817910075188,0.00017367977925459855
480,-0.16053962409496308,0.0001693244048510678
481,-0.16363135650753974,0.000183093815940083
482,-0.16176905184984208,0.00018280326039530337
483,-0.16314437240362167,0.0001905117831483949
484,-0.16450135409832,0.00017900376951729413
485,-0.16310693845152854,0.000188718557546963
486,-0.1716443791985512,0.0001782937135430984
487,-0.17117046564817429,0.00017302981796092355
488,-0.16403487250208854,0.00018798952660290525
489,-0.16630873158574105,0.00017195903201354666
490,-0.16452693045139313,0.00018610422994242982
491,-0.16459074914455413,0.00018849984298867638
492,-0.16537978053092955,0.0001930399528646376
493,-0.1642961747944355,0.0001851063352660276
494,-0.16484091728925704,0.00017704691636026836
495,-0.16279807165265084,0.0002050210849120049
496,-0.1670789085328579,0.00018244072052766568
497,-0.16803507506847382,0.00021218166293692775
498,-0.16413372978568078,0.00019678010467032435
499,-0.1672166369855404,0.00021271515797707252
500,-0.16992389932274818,0.00019437394803389907
501,-0.17042652368545533,0.00020967347954865546
502,-0.16616174057126046,0.0002032906952081248
503,-0.1693817600607872,0.0002145226339052897
504,-0.16946036741137505,0.00017577738763066008
505,-0.17115823104977607,0.0001899570102978032
506,-0.17239557206630707,0.0001847969582740916
507,-0.1745639108121395,0.00023627768605365417
508,-0.1731219120323658,0.0002293321507750079
509,-0.1742274984717369,0.00023675848424318247
510,-0.17436824589967728,0.00017335735356027726
511,-0.1793440744280815,0.0002150835109205218
512,-0.17681440189480782,0.00021088343346491455
513,-0.17758017256855965,0.0002160285148420371
514,-0.17993927001953125,0.00025676515942905096
515,-0.1785155676305294,0.00022551502406713552
516,-0.17868926301598548,0.0002055158060102258
517,-0.18509023860096932,0.0002117139876645524
518,-0.18694345727562905,0.0002060336570139043
519,-0.18260486349463462,0.00020731700569740497
520,-0.18251669853925706,0.00021457138427649625
521,-0.18693656250834464,0.00020917364163324236
522,-0.18821691870689392,0.00019053225478273816
523,-0.1864074870944023,0.00021766124918940478
524,-0.18081245869398116,0.00021368706075008959
525,-0.18442073166370393,0.00019491639504849446
526,-0.1905892200767994,0.00020662105598603375
527,-0.18767452090978623,0.0002484288430423476
528,-0.18897719383239747,0.000206458580942126
529,-0.19576626643538475,0.0002269876109494362
530,-0.19039062783122063,0.00021613150456687436
531,-0.19802595004439355,0.0002311571195605211
532,-0.1907640852034092,0.00020553747890517116
533,-0.20099612772464753,0.00022438797022914514
534,-0.2005205199122429,0.0002187171259720344
535,-0.19274259582161904,0.00020875450245512185
536,-0.2006605952978134,0.00020254389019100927
537,-0.19498854652047157,0.000213758016252541
538,-0.1994428053498268,0.00020987796560802962
539,-0.19610772132873536,0.0002051621508144308
540,-0.2043144553899765,0.00020218678910168819
541,-0.20831863656640054,0.0002538463595556095
542,-0.19924793764948845,0.0001942648545082193
543,-0.20092430487275123,0.00020857105519098696
544,-0.20147511810064317,0.00025467530940659344
545,-0.2038809046149254,0.00021803368654218502
546,-0.20758428499102594,0.00022578528223675675
547,-0.20526544377207756,0.0002145070204278454
548,-0.20984435677528382,0.00020494859854807145
549,-0.21172558441758155,0.00021019911728217266
550,-0.21392454355955123,0.00022220548416953533
551,-0.21018251851201059,0.00022875659342389554
552,-0.20757668912410737,0.0002108091546688229
553,-0.2065929092466831,0.00023352807911578566
554,-0.20953357666730882,0.00018707097115111537
555,-0.2079161912202835,0.00019069843838224188
556,-0.209809660166502,0.00025076970050577076
557,-0.20351846665143966,0.0001909627015265869
558,-0.2124373011291027,0.00020262374637241009
559,-0.2089502602815628,0.00023456151320715434
560,-0.20923328623175622,0.0002209814207162708
561,-0.20924458429217338,0.0002218546058429638
562,-0.21216797307133675,0.0002693810347409453
563,-0.20845935270190238,0.00016364855400752276
564,-0.21656221598386766,0.00019733234439627266
565,-0.21708667427301406,0.00020021336968056858
566,-0.2120595768094063,0.00020707845433207695
567,-0.21529403030872346,0.000216146839375142
568,-0.21306620463728904,0.00019291555654490366
569,-0.21538033634424208,0.0002502039242244791
570,-0.22064116597175598,0.00019909761140297634
571,-0.21567482203245164,0.000234205605374882
572,-0.22459435611963272,0.00020273787413316313
573,-0.2219390854239464,0.00021820553520228713
574,-0.22330901846289636,0.00023575554296257907
575,-0.22339346781373023,0.00023220439761644228
576,-0.21922038346529008,0.00020578218100126834
577,-0.22416382879018784,0.00020600283023668452
578,-0.21883750781416894,0.0002122208781656809
579,-0.22200917601585388,0.0002046623354544863
580,-0.2162951074540615,0.00020696928768302315
581,-0.22361720874905586,0.00025683767307782546
582,-0.2206052802503109,0.00020544064536807128
583,-0.2305351123213768,0.0002440666728944052
584,-0.21996574699878693,0.0002609800016216468
585,-0.22185275629162787,0.00021186574776947963
586,-0.22555194422602654,0.00020401334404596128
587,-0.2259169951081276,0.00021379975005402229
588,-0.22924035862088205,0.00021121286918059922
589,-0.22718205451965331,0.00021862934445380234
590,-0.2312668539583683,0.0002354544667468872
591,-0.22296376004815102,0.00024253264564322308
592,-0.23326148912310601,0.0002219117792265024
593,-0.22946922108530998,0.00024872259527910503
594,-0.2295461744070053,0.00022693547944072635
595,-0.23313186168670655,0.00022634184715570883
596,-0.23642635047435762,0.0002492748353688512
597,-0.2355527438223362,0.0002204681164585054
598,-0.24036195874214172,0.00024234079028246925
599,-0.22788889557123185,0.00020245681080268695
600,-0.23415932953357696,0.00022978990964475087
601,-0.236613991856575,0.0002175324123527389
602,-0.24864083230495454,0.0002404167244094424
603,-0.24146268963813783,0.0002212703817349393
604,-0.24261629208922386,0.0002283665926370304
605,-0.24309416562318803,0.00023021150118438528
606,-0.245899198949337,0.0002129699907527538
607,-0.23177898973226546,0.00022310047716018745
608,-0.2438141316175461,0.00025549800993758255
609,-0.2345271296799183,0.00020271137036615984
610,-0.23689049184322358,0.00022306552200461737
611,-0.23641427382826805,0.000221410216181539
612,-0.23222846314311027,0.0002539527260523755
613,-0.23852182552218437,0.00023792938009137288
614,-0.23897817879915237,0.00023140565172070638
615,-0.2508513890206814,0.00025676930308691224
616,-0.2436215192079544,0.0002690961387997959
617,-0.2437933474779129,0.00023009266078588553
618,-0.2411557100713253,0.00022016102520865387
619,-0.24512137472629547,0.0002673208822670858
620,-0.23853451311588286,0.00023512936604674906
621,-0.24539725631475448,0.00024242492945631967
622,-0.2508851982653141,0.00022371107625076547
623,-0.2420629158616066,0.00024237044854089618
624,-0.24349767565727234,0.0002556792926043272
625,-0.2515974693000317,0.00020561116762110032
626,-0.24805708825588227,0.00023653778625885025
627,-0.24936342611908913,0.00026573205177555793
628,-0.25010342374444006,0.00023022343157208525
629,-0.24813187420368193,0.00021187116581131705
630,-0.25136239007115363,0.00022468923925771377
631,-0.24893757402896882,0.00024759332518442534
632,-0.2520267553627491,0.00023146406310843305
633,-0.2501429468393326,0.0002515344167477451
634,-0.24796822518110276,0.0002535927495046053
635,-0.24802084192633628,0.00022320748175843618
636,-0.249321099370718,0.00025147613923763855
637,-0.24886855706572533,0.00024238362166215666
638,-0.25524759516119955,0.0002451769272738602
639,-0.2534987904131413,0.0002606593887321651
640,-0.2537255808711052,0.0002313254000910092
641,-0.251160841435194,0.00024958154317573645
642,-0.252165424823761,0.0002504776210116688
643,-0.2546022042632103,0.0002532000118662836
644,-0.2522634662687778,0.00024138301087077706
645,-0.25316181108355523,0.00026037927964353005
646,-0.2547788344323635,0.00025867545991786756
647,-0.25833510234951973,0.00024151096149580554
648,-0.24848026931285858,0.00024199350955314002
649,-0.2495202824473381,0.000295315396215301
650,-0.2581843763589859,0.00022476333906524816
651,-0.26041347309947016,0.00025003086266224274
652,-0.24824079126119614,0.0002494722153642215
653,-0.2547853633761406,0.00022962825823924504
654,-0.2593286134302616,0.00026823561129276643
655,-0.25785238221287726,0.000257117286673747
656,-0.24870171546936035,0.0002661622842424549
657,-0.26456748619675635,0.0002751639069174416
658,-0.2548604071140289,0.00021711525696446187
659,-0.26275213435292244,0.00026694498810684306
660,-0.2672917522490025,0.0002724574260355439
661,-0.25822238698601724,0.00026263280378771017
662,-0.267806401103735,0.00025208987208316105
663,-0.2701515436172485,0.00025756840041140093
664,-0.26600082144141196,0.00023450965964002534
665,-0.2617074131965637,0.00027344080444891006
666,-0.2735466048121452,0.0002649593050591648
667,-0.2736304737627506,0.0002531408448703587
668,-0.2664847016334534,0.00029793384674121627
669,-0.26792609989643096,0.0002368694535107352
670,-0.26465531811118126,0.0002881727305066306
671,-0.2656673975288868,0.00023455201007891447
672,-0.27929657101631167,0.0002656277902133297
673,-0.25784459710121155,0.0002489884580427315
674,-0.26793624758720397,0.00024778208389761856
675,-0.27020139396190646,0.0002703222213312984
676,-0.2798179268836975,0.00031166971966740676
677,-0.27320397570729255,0.0002480750270478893
678,-0.27936987578868866,0.0002648513684107456
679,-0.2781408503651619,0.00024796040961518886
680,-0.2732693783938885,0.0002568884017819073
681,-0.2783426746726036,0.0002346286957617849
682,-0.27781466245651243,0.00026432575541548433
683,-0.2743394777178764,0.000276654316985514
684,-0.28182895481586456,0.0002783571610052604
685,-0.278777889162302,0.0003043545526452363
686,-0.2926080793142319,0.0002782903437037021
687,-0.2766056351363659,0.00025062000568141227
688,-0.2858563527464867,0.00026840059726964685
689,-0.2802588984370232,0.00023171634966274724
690,-0.2874969929456711,0.0002804955140163656
691,-0.2831376403570175,0.00028676258807536215
692,-0.28043041080236436,0.00026675731714931317
693,-0.281459341943264,0.0002400020297500305
694,-0.28109927773475646,0.0002862149565771688
695,-0.2938580594956875,0.0002763879965641536
696,-0.29000469744205476,0.0002522556904295925
697,-0.28354969918727874,0.0002464685283484869
698,-0.29453560560941694,0.00027500715441419743
699,-0.28662125319242476,0.00026097287045558917
700,-0.2956007793545723,0.0002822625894623343
701,-0.2895805865526199,0.00027940983927692286
702,-0.2881010264158249,0.00028924873477080836
703,-0.28704334497451783,0.00029319151726667767
704,-0.29449980705976486,0.0002842366324330214
705,-0.29584372490644456,0.0003094055740803014
706,-0.2989754110574722,0.0002605458983452991
707,-0.296612323820591,0.0002800770475005265
708,-0.29540855139493943,0.00027380082829040473
709,-0.29934661388397216,0.0002760857285466045
710,-0.3054580092430115,0.0002726160651945975
711,-0.2972357854247093,0.00026879631404881367
712,-0.2960875615477562,0.0002704119477130007
713,-0.28743276074528695,0.00023527905286755413
714,-0.2988345086574554,0.0003412063633732032
715,-0.3030700236558914,0.0002732743560045492
716,-0.303371387720108,0.00027799925592262296
717,-0.3110022246837616,0.00028846733694081194
718,-0.30326163321733474,0.0002531637343054172
719,-0.2999685525894165,0.00028267192974453794
720,-0.29918075203895567,0.00027981728781014683
721,-0.30058788508176804,0.0002692173969990108
722,-0.3056594230234623,0.00031606703778379596
723,-0.30407207608222964,0.0002856641513062641
724,-0.3028989866375923,0.0002898082624597009
725,-0.30721367597579957,0.0003199090999260079
726,-0.3068966940045357,0.00028606361374841074
727,-0.30394564419984815,0.00029735353455180303
728,-0.3054533839225769,0.00029688237773370927
729,-0.3042455390095711,0.00028683006603387186
730,-0.3101176470518112,0.00033062185102608057
731,-0.31255786716938017,0.0002844825910869986
732,-0.3122302621603012,0.00030796425926382653
733,-0.3174185067415237,0.00029653878591489046
734,-0.32349971681833267,0.0003495084587484598
735,-0.30870683640241625,0.00029724300256930294
736,-0.3229785203933716,0.00031950195552781223
737,-0.32011186331510544,0.0003311856598884333
738,-0.309106208384037,0.0002988358311995398
739,-0.31687043607234955,0.00033818449010141193
740,-0.31311279237270356,0.00030692827494931406
741,-0.3096202313899994,0.0002844292015652172
742,-0.3262154147028923,0.00034610315051395444
743,-0.3144697368144989,0.0002957558768684976
744,-0.31590751856565474,0.00028108601036365145
745,-0.32125916332006454,0.0003023357887286693
746,-0.31501414626836777,0.00029336002844502216
747,-0.3230965256690979,0.0003107515658484772
748,-0.33082289546728133,0.00029363741632550957
749,-0.3207477226853371,0.0002507829834939912
750,-0.32866028100252154,0.0002753711327386554
751,-0.3310414731502533,0.0003623961660196073
752,-0.31599317491054535,0.0003341717820148915
753,-0.32473449856042863,0.00033255805974476973
754,-0.32148905396461486,0.0003487237940134946
755,-0.3335286781191826,0.0003258856013417244
756,-0.32550492882728577,0.00033820396492956206
757,-0.3309654429554939,0.00029930751843494364
758,-0.33253948837518693,0.0003016146816662513
759,-0.3196833342313766,0.0003458959152339958
760,-0.327078178524971,0.0003288764040917158
761,-0.3401973217725754,0.0003109613033302594
762,-0.3377715051174164,0.0002938502548204269
763,-0.3414169639348984,0.0003276297378761228
764,-0.3364666849374771,0.00030841537372907626
765,-0.3338306337594986,0.0002904549575760029
766,-0.3434557721018791,0.00033404976784368046
767,-0.3441843971610069,0.0003449040828854777
768,-0.34930763244628904,0.0003910137878847308
769,-0.34788707792758944,0.00033210903420695105
770,-0.34633404910564425,0.0003662238421384245
771,-0.3470721557736397,0.0003540415578754619
772,-0.33430689126253127,0.00028694611028186047
773,-0.3384523272514343,0.00035643758019432425
774,-0.33851784765720366,0.00039616385984118094
775,-0.35256534069776535,0.0003335374916787259
776,-0.3390301942825317,0.0003304136000224389
777,-0.35366577506065366,0.0003397067470359616
778,-0.34597634971141816,0.0003515618926030584
779,-0.3461610645055771,0.00034673024347284807
780,-0.3567382037639618,0.0003636523775639944
781,-0.34714252054691314,0.0003451882177614607
782,-0.3414204970002174,0.0003261363250203431
783,-0.3414494603872299,0.0003699839966429863
784,-0.3410108119249344,0.000328686604188988
785,-0.3484728246927261,0.0003265400497184601
786,-0.35364689975976943,0.0003536811636877246
787,-0.3411305069923401,0.0003777278026973363
788,-0.3540058106184006,0.0003439113133936189
789,-0.3513865128159523,0.0003108700373559259
790,-0.3527784779667854,0.00036193773412378504
791,-0.3496076434850693,0.00034886188950622454
792,-0.35527792274951936,0.0003342581345350482
793,-0.3556786388158798,0.00037814314273418856
794,-0.3532890647649765,0.0003731461241841316
795,-0.3520592674612999,0.00039269706103368663
796,-0.35676990896463395,0.00035336543805897236
797,-0.3506740301847458,0.0003118697124591563
798,-0.35302395522594454,0.0003944074727769475
799,-0.3546876683831215,0.00042370833834866063
800,-0.3575251594185829,0.0003694337203342002
801,-0.3460630998015404,0.00034698546514846387
802,-0.3547877222299576,0.0003636601264588535
803,-0.36281243711709976,0.0003684316732687876
804,-0.3598849728703499,0.00036543923197314144
805,-0.3572189763188362,0.000359429900709074
806,-0.3662139669060707,0.00041761251486605033
807,-0.35680460184812546,0.0003612618544138968
808,-0.3517542093992233,0.0003589022504456807
809,-0.35416639745235445,0.000373004846915137
810,-0.35551352351903914,0.00037606654659612105
811,-0.36205429285764695,0.00037600382129312495
812,-0.34858701974153516,0.00036907301837345584
813,-0.3597318932414055,0.00035828827967634427
814,-0.36835232228040693,0.0003735837774001993
815,-0.36248132586479187,0.00035827877363772134
816,-0.357655243575573,0.00038135190843604507
817,-0.3521799936890602,0.000343324934510747
818,-0.3544340178370476,0.0003531551104970276
819,-0.3639937713742256,0.0004196906302240677
820,-0.3603587538003922,0.00034765384698403067
821,-0.36144968718290327,0.00036563328030752017
822,-0.35508698374032976,0.00034384358732495455
823,-0.35853844732046125,0.000342746869137045
824,-0.3707471087574959,0.00041116641514236105
825,-0.36105543524026873,0.0003462452550593298
826,-0.3620872423052788,0.0003936494977097027
827,-0.3668243855237961,0.0003449159092269838
828,-0.36688754707574844,0.00037147877519601026
829,-0.3693248853087425,0.000418678046844434
830,-0.3599454119801521,0.0003719776403158903
831,-0.3694679573178291,0.0003653125626442488
832,-0.3737297683954239,0.00035518564764061014
833,-0.3720521807670593,0.0003485069944872521
834,-0.3661735847592354,0.0003565850274753757
835,-0.375150765478611,0.0003728919407876674
836,-0.37206336557865144,0.00037299894320312886
837,-0.3773436829447746,0.0004036719474243
838,-0.37527071237564086,0.00036723984303534964
839,-0.3757538288831711,0.0003706148447236046
840,-0.3771447345614433,0.0003937159890483599
841,-0.37714636921882627,0.0003949612815631554
842,-0.38219052255153657,0.00041988316661445424
843,-0.3882831931114197,0.00038274490070762114
844,-0.3747839033603668,0.00039486339956056326
845,-0.3847877591848373,0.0004592834709910676
846,-0.3826667457818985,0.00037595965404761954
847,-0.3780789688229561,0.0003843724021862727
848,-0.39088633507490156,0.0003763213215279393
849,-0.38703319877386094,0.00038205550517886875
850,-0.386823008954525,0.00042743595840875057
851,-0.38228624016046525,0.0004271229903679341
852,-0.3943373531103134,0.00039295881579164415
853,-0.39160201251506804,0.00038189292245078833
854,-0.4027057409286499,0.000374948579701595
855,-0.38458761721849444,0.0004308894058340229
856,-0.38737830370664594,0.0003481789754005149
857,-0.4009537324309349,0.0003945107135223225
858,-0.401767298579216,0.0003758630831725895
859,-0.38617684990167617,0.00037724944995716215
860,-0.3885484054684639,0.0003899953509971965
861,-0.38981223553419114,0.00040143474616343154
862,-0.39353342801332475,0.0004173879875452258
863,-0.4051980525255203,0.0004212715110043064
864,-0.3980537846684456,0.000436208066821564
865,-0.3998528212308884,0.0004724499973235652
866,-0.4165913090109825,0.0004232019266055431
867,-0.41756519079208376,0.00044162796693854035
868,-0.41616193354129793,0.00039304515230469405
869,-0.4111574664711952,0.0004618125269189477
870,-0.4107062712311745,0.0004351882555056363
871,-0.4035176128149033,0.00040126211824826897
872,-0.41293747425079347,0.0004040819054353051
873,-0.4201071158051491,0.00040450005762977527
874,-0.42248706370592115,0.0004163724166573957
875,-0.42245458662509916,0.00037365029857028276
876,-0.42968918979167936,0.00041237815166823567
877,-0.433406600356102,0.0004128015410969965
878,-0.411953404545784,0.0004718526717624627
879,-0.4266562104225159,0.0004440047836396843
880,-0.41775679439306257,0.0004057943682710174
881,-0.41643151491880415,0.00041095954948104917
882,-0.4271270424127579,0.00041638093098299577
883,-0.42535094171762466,0.0004162045399425551
884,-0.4192201644182205,0.0004583244357490912
885,-0.4213303789496422,0.0004041754407808185
886,-0.4248233467340469,0.0004306658753193915
887,-0.4369342938065529,0.0004388053494039923
888,-0.42167996764183047,0.0004237244327669032
889,-0.42943997830152514,0.0004612514661857858
890,-0.43006706833839414,0.00041747276845853775
891,-0.4327750414609909,0.0004467404869501479
892,-0.42953716069459913,0.00039201709732878954
893,-0.4340506747364998,0.0004091512222657911
894,-0.43643908649683,0.00040320937696378676
895,-0.4425834000110626,0.00044156183575978504
896,-0.43592905849218366,0.0004321778877056204
897,-0.4458602473139763,0.0004708687818492763
898,-0.4419793218374252,0.0004686032276367769
899,-0.44064542800188067,0.0004205631950753741
900,-0.4422996208071709,0.00042981838778359814
901,-0.4366974368691444,0.0004537548273219727
902,-0.4505127429962158,0.0004380318903713487
903,-0.43558469265699384,0.0004575918341288343
904,-0.44880073368549345,0.0004514901913353242
905,-0.44598608613014223,0.00044221043062862007
906,-0.43792854398489,0.0004615435507730581
907,-0.44592403471469877,0.00046926929207984357
908,-0.44302506893873217,0.00046968710521468895
909,-0.4550586208701134,0.00041268313507316636
910,-0.4512960061430931,0.0004231136612361297
911,-0.4510872334241867,0.0004229853380820714
912,-0.4443573847413063,0.0004240628331899643
913,-0.46158124804496764,0.0004377735313028097
914,-0.44636520445346833,0.0004038345898152329
915,-0.460045325756073,0.0004005709823104553
916,-0.4578854128718376,0.00042800757073564456
917,-0.4515565738081932,0.0003776852201553993
918,-0.4518291488289833,0.00041931809973903
919,-0.45252998918294907,0.0004280343753634952
920,-0.44856779277324677,0.0004768583079567179
921,-0.44781103283166884,0.0004776878253323957
922,-0.4468780905008316,0.00047788842202862726
923,-0.4502968072891235,0.0004308177114580758
924,-0.4528734028339386,0.0004632792712072842
925,-0.45643984973430635,0.00041122190741589294
926,-0.4518191069364548,0.0004139829601626843
927,-0.45510051101446153,0.00042936623794957994
928,-0.4535424172878265,0.0004922752370475792
929,-0.45238921642303465,0.00046134308213368057
930,-0.46710304319858553,0.00045549851056421177
931,-0.45402519702911376,0.0004797634384885896
932,-0.46420861035585403,0.0004782555304700509
933,-0.4559221863746643,0.00044117881334386765
934,-0.4735585033893585,0.0004935362187097781
935,-0.4565833583474159,0.00045192536417744124
936,-0.456963849067688,0.00047189764154609293
937,-0.4688361570239067,0.0004714144524768926
938,-0.46090386509895326,0.000506521288480144
939,-0.4671779453754425,0.00048402545507997274
940,-0.46793293952941895,0.0004212804007693194
941,-0.4795677661895752,0.0004496748180827126
942,-0.4563759997487068,0.0004572941019432619
943,-0.4806887790560722,0.00047850103001110254
944,-0.4693768724799156,0.00041960764792747796
945,-0.4730070114135742,0.00043784146255347877
946,-0.4775053173303604,0.0004212991101667285
947,-0.4848555400967598,0.00047181089175865056
948,-0.47608514577150346,0.00044862785143777727
949,-0.4736973986029625,0.0004787603887962177
950,-0.47422513663768767,0.0004896782309515401
951,-0.47403361201286315,0.0004300189029891044
952,-0.47969419658184054,0.00041510516020935027
953,-0.4811507612466812,0.0004620078398147598
954,-0.46984985172748567,0.0004658564932469744
955,-0.4773067027330399,0.00044131689064670355
956,-0.48903515487909316,0.00042277639877283944
957,-0.4886832103133202,0.0004323316679801792
958,-0.48219819366931915,0.00045648739032913
959,-0.496151265501976,0.0004458288720343262
960,-0.48230876624584196,0.0004371926261228509
961,-0.48575741797685623,0.00045327388070290906
962,-0.49331862330436704,0.00046111098636174573
963,-0.4925836905837059,0.00041014798553078434
964,-0.482841195166111,0.00042234169959556314
965,-0.49719431549310683,0.0004064190259668976
966,-0.49503801912069323,0.0004342213156633079
967,-0.4862942025065422,0.00043456509010866287
968,-0.48499696254730223,0.0004489368147915229
969,-0.48793980926275254,0.00044626640010392293
970,-0.4889061748981476,0.0004407670654472895
971,-0.5088392943143845,0.0005233543735812419
972,-0.4940722480416298,0.00044535136985359716
973,-0.5095566138625145,0.00042367399291833865
974,-0.5067068606615066,0.00038822225760668514
975,-0.509426036477089,0.0003792181014432572
976,-0.509807825088501,0.0003989268036093563
977,-0.5007581934332848,0.000454845505009871
978,-0.5050603598356247,0.0004100968668353744
979,-0.5127355918288231,0.000448792202223558
980,-0.5072962671518326,0.0004249735749908723
981,-0.5080539107322692,0.00042931705684168264
982,-0.5173973426222801,0.00047030463465489445
983,-0.5137518525123597,0.0004006173156085424
984,-0.5275965765118599,0.0004729493841296062
985,-0.5186240002512932,0.00043420782603789123
986,-0.529433374106884,0.0004255260617355816
987,-0.5268604457378387,0.0003814643583609723
988,-0.5187084272503852,0.00041202987777069213
989,-0.5227519989013671,0.00038899237697478386
990,-0.5194990321993828,0.0004465801088372245
991,-0.5227292641997338,0.0004173596724285744
992,-0.5272236973047256,0.0004330076139012817
993,-0.5226696908473969,0.00042360746883787217
994,-0.5316814258694649,0.00036922313665854745
995,-0.5270406916737557,0.0004224600110319443
996,-0.5334803268313408,0.00046614749589934945
997,-0.5222952321171761,0.0004199606832116842
998,-0.5368641242384911,0.0004214875341858715
999,-0.5291819751262665,0.00044630100164795295
1000,-0.5312726616859436,0.0004486351332161576
1001,-0.5364916011691093,0.0004331056072260253
1002,-0.5223997414112092,0.00038119726814329625
1003,-0.5304191499948502,0.0004193201428279281
1004,-0.5298777520656586,0.00044642376742558553
1005,-0.5337823197245598,0.0004258149361703545
1006,-0.538167941570282,0.00043386343168094754
1007,-0.5460810855031013,0.00039393197221215814
1008,-0.5381025165319443,0.00045283164508873596
1009,-0.539377374947071,0.00038514321568072774
1010,-0.5344688355922699,0.0004053824362927116
1011,-0.5448147863149643,0.00043485921050887553
1012,-0.5413347214460373,0.00042550177167868244
1013,-0.5453653052449227,0.0004408677195897326
1014,-0.5610992759466171,0.0004161421413300559
1015,-0.5516677141189575,0.0003789322523516603
1016,-0.5521933197975158,0.0004291504927095957
1017,-0.5524283856153488,0.0004155628441367298
1018,-0.5546859711408615,0.00040338398030144164
1019,-0.5608181387186051,0.0003814764851995278
1020,-0.559376111626625,0.000409177943947725
1021,-0.5559991598129272,0.00038113663031253965
1022,-0.5648985043168068,0.0004540196605375968
1023,-0.5499816834926605,0.0003778510086704046
1024,-0.5617436230182647,0.0003987709278590046
1025,-0.5585853368043899,0.00045516478276113047
1026,-0.5593895941972733,0.0004286925221094862
1027,-0.5696955740451812,0.0003979101238655858
1028,-0.5733748316764832,0.00040039829182205724
1029,-0.5860157638788224,0.00039850167231634257
1030,-0.5690066665410995,0.00041417336396989415
1031,-0.583932387828827,0.00036419505486264827
1032,-0.5744071543216706,0.00034659670782275496
1033,-0.5713036626577377,0.0003778260470426176
1034,-0.5856925517320632,0.00041630757477832957
1035,-0.563460436463356,0.00044450925925048067
1036,-0.5728661835193634,0.00037119480766705236
1037,-0.5770596891641617,0.000405916350428015
1038,-0.5879479736089707,0.0003945092219510116
1039,-0.5768629163503647,0.0003748828581592534
1040,-0.5902884721755981,0.00038312239776132627
1041,-0.5949635118246078,0.0004131724126636982
1042,-0.5827145218849182,0.00039336679328698664
1043,-0.5936864078044891,0.0004229579571983777
1044,-0.589716324210167,0.0004320418811403215
1045,-0.6084704846143723,0.00043512928095879033
1046,-0.6077645480632782,0.0004277756263036281
1047,-0.6081628322601318,0.00038218363333726303
1048,-0.595925721526146,0.0003732969402335584
1049,-0.6091973662376404,0.00041116370557574554
1050,-0.6051628112792968,0.00044975336641073227
1051,-0.5874892622232437,0.0004187453843769617
1052,-0.6136561065912247,0.00033171440300066023
1053,-0.6073311150074006,0.0003630365099525079
1054,-0.6071675419807434,0.00038554362690774725
1055,-0.6156790137290955,0.00036931071736034937
1056,-0.6138998687267303,0.00035747944057220595
1057,-0.6041831016540528,0.00041456353719695473
1058,-0.6145051896572113,0.00044264114985708146
1059,-0.6136166960000992,0.0003626620542490855
1060,-0.6086217612028122,0.00036389036395121364
1061,-0.6082822054624557,0.0003596614536945708
1062,-0.625344529747963,0.0003820773374172859
1063,-0.6195454686880112,0.000388379767537117
1064,-0.6169728577136994,0.0003833248214505147
1065,-0.6240850865840912,0.0003452024706348311
1066,-0.6135018020868301,0.00035239007702330126
1067,-0.6085973829030991,0.00040535976222599857
1068,-0.6297227650880813,0.00037335969682317227
1069,-0.6157894998788833,0.0004202837633783929
1070,-0.615697392821312,0.00038794360589236023
1071,-0.6152254223823548,0.0003608262646594085
1072,-0.6298212230205535,0.00037505112413782626
1073,-0.6330468535423279,0.00034743258875096216
1074,-0.6328220337629318,0.0003843891259748489
1075,-0.6336126297712326,0.00038866014656377954
1076,-0.6195931017398835,0.0003983725342550315
1077,-0.6410085499286652,0.0003876849819789641
1078,-0.6197582840919494,0.00040385273314313963
1079,-0.6228293091058731,0.0004152890069235582
1080,-0.6229532152414322,0.0004005383423645981
1081,-0.6428829580545425,0.00039824422565288843
1082,-0.633336815237999,0.00037919888709438967
1083,-0.6302616655826568,0.0004052479962410871
1084,-0.6418755114078522,0.00042728264088509604
1085,-0.6354893982410431,0.0003364216347108595
1086,-0.6571326583623887,0.00044911673467140645
1087,-0.6495957046747207,0.00038731325694243426
1088,-0.6633997470140457,0.0004185248704743572
1089,-0.6504640758037568,0.00041843890794552864
1090,-0.6409661442041397,0.00041575460782041775
1091,-0.6374295711517334,0.0004176343063591048
1092,-0.6503605753183365,0.00041019145282916725
1093,-0.6518724918365478,0.000406671772361733
1094,-0.6575946897268296,0.00038541768008144573
1095,-0.6558687716722489,0.0004230378384818323
1096,-0.6657958626747131,0.00042159794247709215
1097,-0.6573426604270936,0.0003887837599904742
1098,-0.6508636236190796,0.00043439475994091483
1099,-0.6505762040615082,0.00041743269102880733
1100,-0.6631223440170289,0.00044016424944857133
1101,-0.6690095692873002,0.0004715346221928485
1102,-0.6665652722120285,0.00045655457506654784
1103,-0.6703475505113602,0.00037526255182456224
1104,-0.6553843259811402,0.00042234611610183494
1105,-0.6793755531311035,0.0004634289754903875
1106,-0.6750758349895477,0.00043409355566836894
1107,-0.6684404760599136,0.0004300025626434945
1108,-0.6788808941841126,0.00039273066504392774
1109,-0.6709356009960175,0.00040002520254347476
1110,-0.6861407548189163,0.00040855491533875465
1111,-0.6773425549268722,0.0004203362885164097
1112,-0.6693972140550614,0.0004035288526210934
1113,-0.6695019692182541,0.00040354293741984293
1114,-0.6814318865537643,0.00042052379285451025
1115,-0.658943173289299,0.00045464450086001306
1116,-0.6777978807687759,0.00044908362760907037
1117,-0.6892870098352433,0.00040078333840938286
1118,-0.6880112707614898,0.00041508163121761754
1119,-0.6950566411018372,0.00040191111402236855
1120,-0.6833580076694489,0.0004210131213767454
1121,-0.6977193742990494,0.0003871852968586609
1122,-0.6844556003808975,0.00044325064736767673
1123,-0.6747984319925309,0.00036876977683277803
1124,-0.6897711843252182,0.0003654707703390159
1125,-0.6878056555986405,0.000419989564397838
1126,-0.6908530473709107,0.0004103477098396979
1127,-0.6843518555164337,0.0003972554208303336
1128,-0.6973436594009399,0.0003823999169981107
1129,-0.685606062412262,0.00038771292311139404
1130,-0.6903521984815597,0.000413043457956519
1131,-0.7105830013751984,0.00046889382792869583
1132,-0.701403358578682,0.00039752472221152855
1133,-0.6946424573659897,0.0004457453018403612
1134,-0.7037252157926559,0.0004059797240188345
1135,-0.7125512182712554,0.0003856221468595322
1136,-0.7041080534458161,0.00039649942627875137
1137,-0.6993524432182312,0.0003813164119492285
1138,-0.7085528552532196,0.0003852414491120726
1139,-0.6910793244838714,0.00037713927231379784
1140,-0.7040536284446717,0.00040063430351438
1141,-0.6958674013614654,0.0004139796190429479
1142,-0.7028718173503876,0.0004775432069436647
1143,-0.7132304102182389,0.0005205548135563731
1144,-0.7096387594938278,0.0004116225063626189
1145,-0.7179940193891525,0.0003924066448234953
1146,-0.7068816870450974,0.0004018953666673042
1147,-0.7136160731315613,0.00040117737371474503
1148,-0.722428023815155,0.0004069525602972135
1149,-0.728963753581047,0.0004097842960618436
1150,-0.7117341756820679,0.00046892414684407413
1151,-0.7164325982332229,0.00042844867493840866
1152,-0.7228167355060577,0.0004586585215292871
1153,-0.7178071022033692,0.0004724017227999866
1154,-0.7313029348850251,0.00045119114511180667
1155,-0.7264495462179184,0.00047360377939185125
1156,-0.7165023982524872,0.0004382050428830553
1157,-0.7128954738378525,0.0004425938313943334
1158,-0.7319670081138611,0.00043973785650450734
1159,-0.7152991831302643,0.000414498578174971
1160,-0.7306849658489227,0.00042849842720897867
1161,-0.7282287985086441,0.00044964081607759
1162,-0.7438004106283188,0.000438435330579523
1163,-0.7457625180482864,0.00042528464473434724
1164,-0.730085164308548,0.0004952543982653879
1165,-0.7432916045188904,0.00041677019180497155
1166,-0.7408939361572265,0.00046258623697212895
1167,-0.7498881936073303,0.0004642312138457783
1168,-0.7384262949228286,0.00047432559222215787
1169,-0.746943137049675,0.0004371205679490231
1170,-0.732733604311943,0.0004644576401915401
1171,-0.751711118221283,0.00042341029620729387
1172,-0.7461166143417358,0.0004626120877219364
1173,-0.7531949490308761,0.0004903973458567634
1174,-0.752298840880394,0.00045695012377109376
1175,-0.7687938034534454,0.00049985096702585
1176,-0.7533063650131225,0.0004962219027220272
1177,-0.7780925214290619,0.0005169096606550738
1178,-0.7653297305107116,0.0004679081976064481
1179,-0.7641707777976989,0.0005335881913197226
1180,-0.7842564195394516,0.0004388346031191759
1181,-0.785179802775383,0.0004890357624390163
1182,-0.7653094708919526,0.00047802121844142675
1183,-0.7958035856485367,0.0004991459281882271
1184,-0.7849257171154023,0.000445670225599315
1185,-0.7904941082000733,0.0005187244780245237
1186,-0.7834900170564651,0.00048072827485157177
1187,-0.7669906556606293,0.0005431509081972763
1188,-0.7655319213867188,0.0005130908466526307
1189,-0.7777415543794632,0.0004811650811461732
1190,-0.7820679366588592,0.0004155880655162036
1191,-0.7893086969852448,0.0004935525255859829
1192,-0.7874614894390106,0.0004392235612613149
1193,-0.7995956659317016,0.0005057421512901783
1194,-0.7977891623973846,0.0004514921340160072
1195,-0.7864412039518356,0.0005175667072762735
1196,-0.7948000133037567,0.0005166098693734966
1197,-0.7865637749433517,0.0004755684596602805
1198,-0.7982635587453842,0.000500780857692007
1199,-0.7834430396556854,0.0005367923469748348
1200,-0.8055917888879776,0.0005472755889059045
1201,-0.799751278758049,0.0005259381563519127
1202,-0.8016178399324417,0.0005499883016454987
1203,-0.7920700371265411,0.0004907509341137483
1204,-0.8119625896215439,0.00044800196919823063
1205,-0.8115505129098892,0.0004520550966844894
1206,-0.8191832542419434,0.0004451591827091761
1207,-0.8017768532037735,0.0004631416464690119
1208,-0.8063377022743226,0.0004396304808324203
1209,-0.8180165857076644,0.0005574039736529812
1210,-0.8207321852445603,0.0004722244935692288
1211,-0.8112608313560485,0.0004125883133383468
1212,-0.8212336033582688,0.0004449581843800843
1213,-0.8233214497566224,0.00042179414158454164
1214,-0.8313788950443268,0.0004320008752983995
1215,-0.8334814757108688,0.0004563888956909068
1216,-0.8385549545288086,0.0004816084023332223
1217,-0.8397511065006256,0.0004226047400152311
1218,-0.8375988811254501,0.0004223941519740038
1219,-0.8319576323032379,0.00046454473922494797
1220,-0.8128214210271836,0.00046321080008056016
1221,-0.8346375167369843,0.00044800972827943044
1222,-0.8349104017019272,0.0004435735740116797
1223,-0.8304066956043243,0.000436720725701889
1224,-0.8367935597896576,0.0004323860368458554
1225,-0.840780621767044,0.00044334255217108874
1226,-0.8361592233181,0.00041791849143919536
1227,-0.847997984290123,0.0004449308500625193
1228,-0.846855828166008,0.00047547963040415195
1229,-0.8549694329500198,0.0004432105051819235
1230,-0.8454033166170121,0.0004508050158619881
1231,-0.846579310297966,0.00042351449374109504
1232,-0.8461952835321427,0.00043606330145848913
1233,-0.8601056486368179,0.0003726852417457849
1234,-0.8439187675714492,0.0004777820940944366
1235,-0.8600642502307891,0.00045199300948297607
1236,-0.8625841706991195,0.0004508185011218302
1237,-0.860157984495163,0.0004701522397226654
1238,-0.8742506355047226,0.0004566323186736554
1239,-0.8703685224056243,0.0004738679388538003
1240,-0.8729335606098175,0.0003829627050436102
1241,-0.8691909641027451,0.00046423256426351143
1242,-0.877147513628006,0.00045413225452648474
1243,-0.8555234998464585,0.0004109316098038107
1244,-0.8840969443321228,0.00047273178497562183
1245,-0.9012849390506744,0.0004417586751515046
1246,-0.8728394001722336,0.00045396834320854396
1247,-0.883120521903038,0.0004187119222478941
1248,-0.8927748590707779,0.00040814277599565685
1249,-0.8885898202657699,0.0004732265806524083
1250,-0.8758092969655991,0.0004188175211311318
1251,-0.8894469887018204,0.0004079331047250889
1252,-0.8781570434570313,0.0004737238574307412
1253,-0.8892957001924515,0.00041766292561078443
1254,-0.892479681968689,0.0004219371810904704
1255,-0.9002137452363967,0.00042421107791597025
1256,-0.8920762479305268,0.00038814227445982397
1257,-0.9011065125465393,0.0003993796810391359
1258,-0.876772427558899,0.0004054566226841416
1259,-0.8747856587171554,0.00050557119975565
1260,-0.9115174770355224,0.0004764864090248011
1261,-0.9004026710987091,0.0003793352690991014
1262,-0.8990422248840332,0.0004374984608148225
1263,-0.907932448387146,0.0004468687373446301
1264,-0.9035385698080063,0.00042055216908920556
1265,-0.9144150793552399,0.000433609432366211
1266,-0.9071343153715133,0.0004057883401401341
1267,-0.9131238341331482,0.00041643460353952834
1268,-0.9211158812046051,0.0004034965197206475
1269,-0.9259832978248597,0.000507801330240909
1270,-0.9211729377508163,0.0004365852917544544
1271,-0.9082230448722839,0.00045702814677497374
1272,-0.9214914500713348,0.0004682376893470064
1273,-0.924142199754715,0.0004249929683282971
1274,-0.9250397711992264,0.0005141738307429478
1275,-0.9449473023414612,0.00040553594444645567
1276,-0.9399296432733536,0.0004103959654457867
1277,-0.9465569615364074,0.0004232640130794607
1278,-0.9434266060590744,0.0004100688514881767
1279,-0.9562855571508407,0.00042015087601612324
1280,-0.9325408637523651,0.000451754177629482
1281,-0.9230827391147614,0.0004599188789143227
1282,-0.9277160048484803,0.0004160713011515327
1283,-0.9369855791330337,0.00048506327002542096
1284,-0.9335905194282532,0.0003917796799214557
1285,-0.9424905985593796,0.0004147277577430941
1286,-0.945058074593544,0.00040440770681016147
1287,-0.9163517832756043,0.00044391052579157987
1288,-0.9440913766622543,0.00044788403174607084
1289,-0.9625140130519867,0.0004062794308993034
1290,-0.9428068161010742,0.0004445868675247766
1291,-0.9397166758775711,0.0004485054625547491
1292,-0.946854692697525,0.000416273447626736
1293,-0.9510576337575912,0.0003939645961509086
1294,-0.9396864950656891,0.00038708665015292355
1295,-0.9519651800394058,0.0004621694941306487
1296,-0.9570369631052017,0.00040996721800183876
1297,-0.9604657351970672,0.0004411233647260815
1298,-0.9587476015090942,0.0003851775261864532
1299,-0.9445367217063904,0.00041944609401980417
1300,-0.9748749762773514,0.0003830752044450492
1301,-0.9551096737384797,0.0004738257557619363
1302,-0.9606353551149368,0.00040521938644815235
1303,-0.9669745624065399,0.0004338974329584744
1304,-0.9647690027952194,0.00038184394943527875
1305,-0.9767940551042557,0.0003698264292324893
1306,-0.9798386245965958,0.00042930259223794565
1307,-0.9564535558223725,0.0003669465739221778
1308,-0.9585447639226914,0.0003904376964783296
1309,-0.9672526329755783,0.0004164838959695771
1310,-0.9709801077842712,0.0004086092914803885
1311,-0.9862879484891891,0.0004537936401902698
1312,-0.992354691028595,0.0003855640781694092
1313,-0.9899741768836975,0.00046908151998650285
1314,-0.9908267885446549,0.0004247227479936555
1315,-0.9938865959644317,0.000406591895443853
1316,-0.9826629340648652,0.0004035063087940216
1317,-0.9936304271221161,0.00044624709116760644
1318,-0.993461811542511,0.00047146502329269423
1319,-1.0068140596151351,0.00047689294297015294
1320,-0.9848863124847412,0.0004714366237749346
1321,-0.9909567087888718,0.00045601839810842647
1322,-1.004771026968956,0.00046972017880761994
1323,-1.0017074197530746,0.0004610951684298925
1324,-0.996013942360878,0.0004396196862217039
1325,-1.0035675674676896,0.00042949094058712943
1326,-1.0010266244411468,0.0004587639254168607
1327,-0.9931118965148926,0.0004046167116030119
1328,-1.0002708673477172,0.0004510853148531169
1329,-1.017418125271797,0.00042419235687702895
1330,-1.012372612953186,0.0004436639719642699
1331,-1.0124260187149048,0.00044860194029752167
1332,-1.0250128895044326,0.00041715845436556264
1333,-1.026476639509201,0.00046947672090027483
1334,-1.0059421837329865,0.00046182234073057773
1335,-1.036925745010376,0.0004415133735165
1336,-1.0298254579305648,0.0004886391383479349
1337,-1.0210326075553895,0.0004330118725192733
1338,-1.0388604253530502,0.0004580018809065223
1339,-1.0475605428218842,0.00046520403120666744
1340,-1.0290162712335587,0.0005217014055233449
1341,-1.032254958152771,0.0004508458790951408
1342,-1.0341091930866242,0.0004961015001754276
1343,-1.0396972835063933,0.00048188518994720655
1344,-1.029315048456192,0.0004603098961524665
1345,-1.0462197005748748,0.00046773698704782873
1346,-1.0289354622364044,0.0004942878178553656
1347,-1.0456093072891235,0.0004890811294899322
1348,-1.0442829132080078,0.000520118689746596
1349,-1.0449483305215836,0.00045651746477233247
1350,-1.0562143921852112,0.00045715595479123294
1351,-1.0398895174264908,0.00045832474424969407
1352,-1.0492128044366837,0.00043550000409595666
1353,-1.0623520195484162,0.00047714712272863837
1354,-1.0525261282920837,0.0004695341020124033
1355,-1.0671691477298737,0.0005091657454613596
1356,-1.071581381559372,0.0004409458109876141
1357,-1.067823088169098,0.0004853705191635527
1358,-1.0735053896903992,0.00042994670366169885
1359,-1.0632214188575744,0.0004543494462268427
1360,-1.0792434990406037,0.0004774268425535411
1361,-1.071297612786293,0.00045886966545367615
1362,-1.07639279961586,0.00046104084030957894
1363,-1.0758445978164672,0.00038804322539363054
1364,-1.0778961300849914,0.0004322905886510853
1365,-1.0745848745107651,0.00044906160328537224
1366,-1.0898844718933105,0.0004990278524928726
1367,-1.085209172964096,0.00042454158392501995
1368,-1.0860863208770752,0.0004386372689623386
1369,-1.0730714321136474,0.00043250399030512197
1370,-1.0880275309085845,0.0004593045843648724
1371,-1.0943331599235535,0.00042791073938133197
1372,-1.0862336218357087,0.00043425784533610565
1373,-1.0883582413196564,0.0004900433574221097
1374,-1.0890229523181916,0.00045503754809033125
1375,-1.0947223126888275,0.00046141985221765937
1376,-1.098478364944458,0.00044538942311191934
1377,-1.1048887431621552,0.0004507195830228738
1378,-1.1012717813253403,0.0004407847693073563
1379,-1.0970535933971406,0.0005022978759370745
1380,-1.1050581574440002,0.0005300002885633148
1381,-1.0915839970111847,0.0004120995305129327
1382,-1.1015685319900512,0.00042674088035710156
1383,-1.1143877625465393,0.00041644324082881214
1384,-1.1105677783489227,0.000420466109062545
1385,-1.1236805319786072,0.00046479095544782467
1386,-1.1231996595859528,0.00042962767038261517
1387,-1.1248594999313355,0.00042128807544941085
1388,-1.11558740735054,0.00046678407379658894
1389,-1.1251327097415924,0.00041846327658277003
1390,-1.1480754971504212,0.0004292930003430229
1391,-1.1129976332187652,0.0004633860065951012
1392,-1.108120185136795,0.0004262126371031627
1393,-1.1328681349754333,0.0004369482849142514
1394,-1.1269758701324464,0.00046945113863330337
1395,-1.1168508291244508,0.00047350914101116357
1396,-1.1302911758422851,0.00042836387001443654
1397,-1.1205588161945343,0.00038829748664284127
1398,-1.141798335313797,0.0004482382209971547
1399,-1.1364364206790925,0.00043711441685445607
1400,-1.1324547588825227,0.0004056526595377363
1401,-1.138145238161087,0.00045826272544218226
1402,-1.1429478883743287,0.0003622134536271915
1403,-1.119417315721512,0.0003993865553638898
1404,-1.1467037916183471,0.0004476719506783411
1405,-1.123108410835266,0.00046848092824802734
1406,-1.138740026950836,0.0004019612621050328
1407,-1.1575965344905854,0.00038546052819583566
1408,-1.1337921798229218,0.00038684531609760596
1409,-1.1496080100536346,0.00038516202475875617
1410,-1.1582997739315033,0.00041058145725401116
1411,-1.1511070668697356,0.000374075480067404
1412,-1.1500772774219512,0.000445792474783957
1413,-1.1549116253852845,0.00043631687440210954
1414,-1.161554992198944,0.00045762896625092255
1415,-1.1490185379981994,0.00039758281054673715
1416,-1.1696372509002686,0.00038227943296078595
1417,-1.163082104921341,0.0003907215315848589
1418,-1.1589440703392029,0.0004123771796002984
1419,-1.1740651190280915,0.000446791916328948
1420,-1.1664138793945313,0.000400031435128767
1421,-1.1574130475521087,0.0004607342561939731
1422,-1.1728362083435058,0.0004353340220404789
1423,-1.1845877289772033,0.00048071279597934337
1424,-1.1963134825229644,0.00044060865184292197
1425,-1.1692713916301727,0.0004514910790021531
1426,-1.1837725639343262,0.0004186138234217651
1427,-1.1792427957057954,0.00039511260401923207
1428,-1.16569904088974,0.000375210506899748
1429,-1.2012357473373414,0.0004157032373768743
1430,-1.1752777576446534,0.000419178626179928
1431,-1.1874942302703857,0.00041474548415862953
1432,-1.1908245921134948,0.00039622309122933075
1433,-1.2016800701618195,0.00042942278378177434
1434,-1.180740374326706,0.0004111281712539494
1435,-1.186488789319992,0.0004211531464534346
1436,-1.2116377830505372,0.00041029725325643086
1437,-1.1887608230113984,0.0004843900998821482
1438,-1.2151644229888916,0.00042419824967510067
1439,-1.2024512529373168,0.00042875121143879367
1440,-1.2140270054340363,0.00045952403743285684
1441,-1.2157749116420746,0.00044931143056601284
1442,-1.2039477586746217,0.0004718729338492267
1443,-1.2150436878204345,0.00047362045588670296
1444,-1.2238122463226317,0.00046185163373593243
1445,-1.2192977607250213,0.000468789302976802
1446,-1.213533091545105,0.000454741129942704
1447,-1.1941729247570039,0.00047755026171216743
1448,-1.2185435473918915,0.00047788081865292044
1449,-1.2254392981529236,0.00039852738700574264
1450,-1.2127909898757934,0.00048079165862873196
1451,-1.2261893987655639,0.00042809251026483254
1452,-1.2249517858028411,0.00046953499695518986
1453,-1.2345995962619782,0.0005358158858143724
1454,-1.2391162753105163,0.0004300859320210293
1455,-1.2381155014038085,0.0003651788800198119
1456,-1.2265900731086732,0.0005042605102062225
1457,-1.2446054697036744,0.0004148967971559614
1458,-1.2309126138687134,0.0005048264909419231
1459,-1.249717080593109,0.00042150222434429453
1460,-1.2521061718463897,0.0004611115364241414
1461,-1.2453932464122772,0.0005530371039640158
1462,-1.2322237133979796,0.00047854402946541087
1463,-1.2337967455387115,0.0004522277449723333
1464,-1.2405503034591674,0.0004643130087060854
1465,-1.2563435435295105,0.00040894201811170205
1466,-1.2531104564666748,0.00039318364579230545
1467,-1.2609172523021699,0.0004173474488197826
1468,-1.2656054615974426,0.00045721492715529167
1469,-1.259364551305771,0.0004525430587818846
1470,-1.257985007762909,0.0004371979557618033
1471,-1.2742433547973633,0.00046034411352593454
1472,-1.2805554449558259,0.0004603428409609478
1473,-1.2616449892520905,0.00042359534418210385
1474,-1.2798566699028016,0.0004307798866648227
1475,-1.2828276216983796,0.00039109459758037703
1476,-1.2809475302696227,0.00040987157844938336
1477,-1.2778041422367097,0.0004347779802628793
1478,-1.265940660238266,0.00046659825165988876
1479,-1.2743139922618867,0.0004489242186537012
1480,-1.2734862506389617,0.000392179552000016
1481,-1.2867959320545197,0.0003773933967750054
1482,-1.2817832410335541,0.0004629002549336292
1483,-1.3014871597290039,0.00034999651252292096
1484,-1.2774293184280396,0.00036367592547321693
1485,-1.2928659737110137,0.00040079401223920287
1486,-1.2826165974140167,0.00037296230730134996
1487,-1.2941196799278258,0.0004194674460450187
1488,-1.3032637059688568,0.00042191002066829244
1489,-1.2991560339927672,0.00037463089538505303
1490,-1.3039624035358428,0.00035709787916857747
1491,-1.2945469200611115,0.0003787753754295409
1492,-1.3014512479305267,0.0003764436551136896
1493,-1.301783937215805,0.0003677019805763848
1494,-1.2928777515888215,0.000372148984024534
1495,-1.3006943881511688,0.00040530773912905715
1496,-1.302274125814438,0.00036790799276786856
1497,-1.3065983533859253,0.00034282072592759503
1498,-1.3124652922153472,0.0003543586462910753
1499,-1.2877781212329864,0.00034588469497975893
1500,-1.325480717420578,0.00036821877656620925
1501,-1.3231370210647584,0.0003827553620794788
1502,-1.3240375638008117,0.00035071063321083783
1503,-1.3196600198745727,0.0003203689127985854
1504,-1.3263973891735077,0.0003657706569356378
1505,-1.3156062960624695,0.000354875520861242
1506,-1.314508068561554,0.0003890689033141825
1507,-1.3406794309616088,0.0003892693275702186
1508,-1.3167398512363433,0.0003850735112791881
1509,-1.3366083085536957,0.000358302376116626
1510,-1.3322929322719574,0.00029497256618924437
1511,-1.3223174691200257,0.0003260130368289538
1512,-1.3334315180778504,0.0004221859402605332
1513,-1.3459912240505219,0.0003512344403134193
1514,-1.3215252995491027,0.00034125828024116344
1515,-1.3563424110412599,0.00035588134051067755
1516,-1.3491910815238952,0.00038243086091824805
1517,-1.3536145389080048,0.0003531050606397912
1518,-1.342174118757248,0.00036539563589030875
1519,-1.3558191180229187,0.0003010396736499388
1520,-1.338775396347046,0.00042011259283754044
1521,-1.342771476507187,0.00037293180575943553
1522,-1.3493060052394867,0.00030296227341750635
1523,-1.3529335141181946,0.0003415689898247365
1524,-1.3541932106018066,0.00030817412261967546
1525,-1.349670171737671,0.00034615023541846314
1526,-1.3619609892368316,0.00035242734957137146
1527,-1.3757798731327058,0.0003551273490302265
1528,-1.3632464349269866,0.0003694878309033811
1529,-1.373468953371048,0.0003321647331176791
1530,-1.3794797599315642,0.00032838002007338216
1531,-1.3808585822582244,0.00033309858627035284
1532,-1.3961938977241517,0.0003274692651757505
1533,-1.3907475173473358,0.000310380439623259
1534,-1.397825425863266,0.00032164527292479763
1535,-1.394159972667694,0.0003166627851896919
1536,-1.3854967117309571,0.0003251986556279007
1537,-1.3831429481506348,0.0003581060271244496
1538,-1.3955720365047455,0.00034128124825656415
1539,-1.40197856426239,0.0003148172807414085
1540,-1.4149735569953918,0.00030124652839731426
1541,-1.412081742286682,0.0002911872623371892
1542,-1.4263127148151398,0.00032611229180474767
1543,-1.40221049785614,0.00030060416902415453
1544,-1.4116366624832153,0.00034209447767352685
1545,-1.4151703476905824,0.0002805240248562768
1546,-1.4066841542720794,0.0002497273853805382
1547,-1.4125724911689759,0.0003450921802141238
1548,-1.419554978609085,0.00027912501464015803
1549,-1.42810360789299,0.0003138922504149377
1550,-1.4311568796634675,0.00036314206809038294
1551,-1.4420293033123017,0.0003305572070530616
1552,-1.4382606863975524,0.0002940415317425504
1553,-1.4355958580970765,0.00030944401660235597
1554,-1.4393040060997009,0.0002843181871867273
1555,-1.4416632235050202,0.00030566704226657747
1556,-1.4385638535022736,0.00031891866892692634
1557,-1.4501406788825988,0.00029468435313901865
1558,-1.4448210299015045,0.0002919218844908755
1559,-1.4478983461856842,0.00029554095599451104
1560,-1.4349779963493348,0.000304265963495709
1561,-1.4551554918289185,0.0003141579494695179
1562,-1.4665205895900726,0.0003240642872697208
1563,-1.4728522777557373,0.0002625779845402576
1564,-1.4707386016845703,0.0002452745073242113
1565,-1.4712743043899537,0.0002729178537265398
1566,-1.4580655992031097,0.0003154883932438679
1567,-1.4765905380249023,0.0002526739823224489
1568,-1.473985105752945,0.00028805578331230207
1569,-1.4683329224586488,0.00024670206039445475
1570,-1.4613279402256012,0.00026124711002921684
1571,-1.4734469294548034,0.00025196968126692807
1572,-1.4808044850826263,0.0002704789316339884
1573,-1.4825926661491393,0.0002971696369058918
1574,-1.4818926572799682,0.0002789239500998519
1575,-1.472567504644394,0.000314332408743212
1576,-1.4744478583335876,0.00036332301679067316
1577,-1.475042861700058,0.00033727543413988317
1578,-1.4769967377185822,0.0002678714066860266
1579,-1.4864463329315185,0.00031615938496543095
1580,-1.486289954185486,0.0003518388439260889
1581,-1.4849552035331726,0.00029898932043579405
1582,-1.4880881667137147,0.0003239598998334259
1583,-1.4802342057228088,0.0002687891050300095
1584,-1.4877606809139252,0.0002935490570962429
1585,-1.489096814393997,0.00029166160384193064
1586,-1.5090423941612243,0.00028140751383034515
1587,-1.490366405248642,0.00024950098231784067
1588,-1.4863580226898194,0.0002894112971262075
1589,-1.4974465906620025,0.0002820742789481301
1590,-1.5052785515785216,0.0002740796313446481
1591,-1.4974402129650115,0.000276356525864685
1592,-1.4803529858589173,0.0002771632192889228
1593,-1.496275120973587,0.00032146361336344854
1594,-1.4945344150066375,0.00025622733737691307
1595,-1.4978016316890717,0.0003223706247808877
1596,-1.4836115419864655,0.0002859928048565052
1597,-1.5003546118736266,0.00027489803178468717
1598,-1.5188546359539032,0.0002951797112473287
1599,-1.519529289007187,0.00029610215133288873
1600,-1.5312186300754547,0.00024983051407616584
1601,-1.5209576845169068,0.0003259355922637042
1602,-1.5152822315692902,0.0003269141598138958
1603,-1.516335654258728,0.00025196843198500575
1604,-1.5262094378471374,0.0002731989399762824
1605,-1.5284878015518188,0.00027278497072984463
1606,-1.5519864797592162,0.00022942710493225604
1607,-1.5377556264400483,0.0002876380203815643
1608,-1.5365227937698365,0.00029132527488400227
1609,-1.5332841217517852,0.00026725072821136563
1610,-1.532770699262619,0.00029448323548422197
1611,-1.5342334687709809,0.00026326052975491623
1612,-1.5276182472705842,0.00029608040931634606
1613,-1.525661301612854,0.0003623074873758014
1614,-1.5276433765888213,0.00030100374278845264
1615,-1.5238222122192382,0.0003165600821375847
1616,-1.5468364238739014,0.00023949426686158403
1617,-1.5308466494083404,0.0002898906546761282
1618,-1.558766382932663,0.0002779671616735868
1619,-1.5389770925045014,0.00026755944491014817
1620,-1.549925285577774,0.00026958524322253654
1621,-1.5513163626194,0.0002728634339291602
1622,-1.543184107542038,0.00028548307382152415
1623,-1.5473470568656922,0.00033527270934428086
1624,-1.540468442440033,0.0003481038089375943
1625,-1.5460698306560516,0.00025385655826539735
1626,-1.5560920417308808,0.00023346735833911224
1627,-1.55011066198349,0.0002883030610973947
1628,-1.5517322957515716,0.0003087036086071748
1629,-1.5719859898090363,0.00027562819377635606
1630,-1.5564993798732758,0.0003063284049858339
1631,-1.5649432718753815,0.00025643940389272755
1632,-1.5705235838890075,0.00022924967124708927
1633,-1.5676408052444457,0.00025677537778392436
1634,-1.5611441731452942,0.00028207788782310674
1635,-1.5693189322948455,0.0002836861414834857
1636,-1.5692081570625305,0.0002874630561564118
1637,-1.5841889679431915,0.0002544951370509807
1638,-1.5864376902580262,0.0002575179132691119
1639,-1.574603831768036,0.00032982307966449297
1640,-1.580535465478897,0.0002631577051943168
1641,-1.572355455160141,0.00029293321931618267
1642,-1.5835203588008882,0.000307316717953654
1643,-1.584097045660019,0.00020507058943621814
1644,-1.5919405579566956,0.00027563287294469775
1645,-1.57766695022583,0.00030683792792842726
1646,-1.5902414858341216,0.0002371850368945161
1647,-1.5748046398162843,0.00029325328723643905
1648,-1.5973633170127868,0.0002208363453974016
1649,-1.5872963190078735,0.0002566163937444799
1650,-1.5878881633281707,0.00021046614347142167
1651,-1.5898849248886109,0.0002442561955831479
1652,-1.5938342034816741,0.0002568256153608672
1653,-1.6068633258342744,0.0003113660277449526
1654,-1.5951357781887054,0.00031852210449869747
1655,-1.5991367936134337,0.0002582176122814417
1656,-1.6059968888759613,0.00023193381493911148
1657,-1.604179072380066,0.00031749646659591236
1658,-1.5995396733283997,0.0002805813499435317
1659,-1.598824566602707,0.00027882379363290964
1660,-1.599682492017746,0.0002930922077212017
1661,-1.6090583443641662,0.0002593350669485517
1662,-1.5997145414352416,0.00024938490605563857
1663,-1.6027564406394958,0.0002714103611651808
1664,-1.6111659944057464,0.0003151906952552963
1665,-1.6141269266605378,0.00029261511663207783
1666,-1.6139716982841492,0.00027430768677731975
1667,-1.628423535823822,0.00026975529035553334
1668,-1.6090674817562103,0.00030969280560384506
1669,-1.6109376192092895,0.00025633284749346783
1670,-1.6240082502365112,0.00027521895317477173
1671,-1.622899240255356,0.0002512242237571627
1672,-1.6254681408405305,0.0004240836777171353
1673,-1.6309562981128694,0.000239723980484996
1674,-1.6313879191875458,0.0002460287905705627
1675,-1.6391107499599458,0.00024180769323720597
1676,-1.6356462061405181,0.00024395833825110457
1677,-1.6343695044517517,0.00029543732634920163
1678,-1.6347901165485381,0.0002713713598495815
1679,-1.650709193944931,0.0002669969282578677
1680,-1.6286820888519287,0.0002490615253918804
1681,-1.643196839094162,0.000292627394082956
1682,-1.6462849259376526,0.00027578602748690173
1683,-1.6528817117214203,0.00026003733655670657
1684,-1.6540112257003785,0.0002614945580717176
1685,-1.6625347197055818,0.00022741283901268617
1686,-1.6540758728981018,0.00026894757756963373
1687,-1.651091593503952,0.0002492821993655525
1688,-1.6564576745033264,0.00023761853881296702
1689,-1.6567694962024688,0.0002966548599943053
1690,-1.677978265285492,0.0002441659715259448
1691,-1.6505967438220979,0.00027537040587048977
1692,-1.6569005846977234,0.0002429275744361803
1693,-1.6744613885879516,0.00028976305620744827
1694,-1.672001886367798,0.0002486823192157317
1695,-1.6703267395496368,0.0002656620170455426
1696,-1.6673745572566987,0.0002576046877948102
1697,-1.6836147069931031,0.0002312915134098148
1698,-1.6725492298603057,0.00026380461858934725
1699,-1.6805981814861297,0.00021469733619596809
1700,-1.6684889018535614,0.00020472825854085387
1701,-1.6637126863002778,0.00021086723718326538
1702,-1.6798505902290344,0.00019916451565222816
1703,-1.673007106781006,0.0002728596831730101
1704,-1.7099612593650817,0.00023650931179872715
1705,-1.6992815732955933,0.00026721010508481415
1706,-1.6980856776237487,0.00024990827805595475
1707,-1.6864632189273834,0.0003014206180523615
1708,-1.7073714554309845,0.00021830246696481482
1709,-1.7055575013160706,0.00021602487395284698
1710,-1.697150671482086,0.0002020609324972611
1711,-1.7101573407649995,0.00020335183144197798
1712,-1.7076545059680939,0.0002077470620861277
1713,-1.7048285365104676,0.00017887013527797535
1714,-1.7065317749977111,0.0002314586738066282
1715,-1.7155896425247192,0.00020576390888891183
1716,-1.7206245481967926,0.0002046479919954436
1717,-1.7110013663768768,0.0002479011804098263
1718,-1.7173938632011414,0.0001961042347829789
1719,-1.7233371675014495,0.00020780076447408647
1720,-1.7303621888160705,0.00020341554518381598
1721,-1.7173411309719087,0.00019705490485648624
1722,-1.7191838502883912,0.00023093613272067158
1723,-1.7363950073719026,0.00021202171774348244
1724,-1.7142559707164764,0.00018084965449816082
1725,-1.73432657122612,0.00018368379642197397
1726,-1.7352250218391418,0.00022650717946817167
1727,-1.7301162421703338,0.0002054053060419392
1728,-1.7415590822696685,0.00018259760727232788
1729,-1.7290486752986909,0.00021268230630084873
1730,-1.736336463689804,0.00021351503164623864
1731,-1.7284441590309143,0.00018491649570933076
1732,-1.729354727268219,0.00042342661690781825
1733,-1.7372065484523773,0.00022660491122223904
1734,-1.7388068377971648,0.00022224499298317824
1735,-1.7277407348155975,0.00021286721057549584
1736,-1.7388785004615783,0.0002736686794378329
1737,-1.7572968900203705,0.00037160559586482125
1738,-1.7523913383483887,0.0002369162488321308
1739,-1.7461324691772462,0.00018416359853290487
1740,-1.7389398992061615,0.0002098016677337
1741,-1.7391212940216065,0.00025969334310502743
1742,-1.7450934946537018,0.00023298069208976813
1743,-1.753922736644745,0.00023976521406439134
1744,-1.7636608898639679,0.00022895289221196434
1745,-1.7557890355587005,0.00021521460803342052
1746,-1.754743856191635,0.00022788026217313018
1747,-1.7516657948493957,0.00026112947161891496
1748,-1.749112641811371,0.00024346663631149567
1749,-1.7563137233257293,0.00026418042980367316
1750,-1.761411052942276,0.00022992968515609392
1751,-1.767422515153885,0.00023241231974679977
1752,-1.7510280072689057,0.00024125509517034516
1753,-1.7562428295612336,0.0002528823646571254
1754,-1.7710519909858704,0.0002379459656367544
1755,-1.7660962045192719,0.00024728644639253615
1756,-1.767375361919403,0.0003023853525519371
1757,-1.7725477635860443,0.00023597938852617517
1758,-1.766897714138031,0.00025101544160861523
1759,-1.7661803543567658,0.0002542390975577291
1760,-1.7709991574287414,0.0003004110578331165
1761,-1.7699352622032165,0.0002903212611272465
1762,-1.7608461022377013,0.0003010333392012399
1763,-1.7662457287311555,0.00026711425962275823
1764,-1.786316555738449,0.00035094804406980983
1765,-1.77059965133667,0.00027519785799086095
1766,-1.7769668042659759,0.0003456247359281406
1767,-1.7758741557598114,0.0002451593951263931
1768,-1.7754441559314729,0.0003236710879718885
1769,-1.775210177898407,0.0003251533911679871
1770,-1.778349506855011,0.000257545856948127
1771,-1.771453219652176,0.0002576541155576706
1772,-1.7765114724636077,0.00026662900127121246
1773,-1.7837501645088196,0.00023094377247616648
1774,-1.784388357400894,0.00024056502297753468
1775,-1.7748596131801606,0.00024846337328199297
1776,-1.7879391849040984,0.00031254879577318205
1777,-1.773571938276291,0.0002818312117597088
1778,-1.76999289393425,0.00030019540354260245
1779,-1.781741440296173,0.0003828250337392092
1780,-1.7977694809436797,0.0002659815327206161
1781,-1.7623959600925445,0.0003585552498407196
1782,-1.7714498162269592,0.0003238466197217349
1783,-1.7740834176540374,0.0003667319964733906
1784,-1.7854369580745697,0.00029383821311057545
1785,-1.77849742770195,0.0003110212572210003
1786,-1.7791784703731537,0.0003267758584115654
1787,-1.784043651819229,0.0003503920052025933
1788,-1.7938498616218568,0.00024433661747025326
1789,-1.7869768738746643,0.0002824798517394811
1790,-1.7775530457496642,0.0002700508266570978
1791,-1.7960855960845947,0.0002649081106937956
1792,-1.814539021253586,0.0002888522554712836
1793,-1.7947011768817902,0.00023325933434534818
1794,-1.7867771446704865,0.0003090619829890784
1795,-1.7928038835525513,0.00035061347589362415
1796,-1.8002195537090302,0.00029724905616603794
1797,-1.7997889339923858,0.00025903675923473203
1798,-1.8032356023788452,0.00030003596184542404
1799,-1.814177817106247,0.0002978090851684101
1800,-1.8057105183601379,0.00025143496604869143
1801,-1.816593062877655,0.0002584351328550838
1802,-1.8098807454109191,0.0002708264517423231
1803,-1.8070077180862427,0.0003025987403816544
1804,-1.8165031373500824,0.0002450062740535941
1805,-1.800164556503296,0.00026365991070633756
1806,-1.8237916290760041,0.0003260042540205177
1807,-1.807386612892151,0.000323123831913108
1808,-1.8260500311851502,0.00025263728966820056
1809,-1.8149801731109618,0.000245754758361727
1810,-1.833259642124176,0.00027017889806302264
1811,-1.8245232582092286,0.00022384504081855993
1812,-1.8204036593437194,0.0002510735204850789
1813,-1.81945840716362,0.00024249169728136622
1814,-1.8194392323493958,0.00031006288772914556
1815,-1.828393316268921,0.000245671081574983
1816,-1.8281265258789063,0.00023934971759445033
1817,-1.8228944063186645,0.0002489777310984209
1818,-1.8311091363430023,0.0002531069454562385
1819,-1.8464971482753754,0.00023154753434937448
1820,-1.8394244492053986,0.0003151447916025063
1821,-1.8416812598705292,0.00028523306536953896
1822,-1.840835267305374,0.00030427291785599663
1823,-1.8585728526115417,0.00022191279858816416
1824,-1.8433389484882354,0.0002744858546066098
1825,-1.8482986986637115,0.00023647386988159269
1826,-1.8515127718448638,0.00022673865751130507
1827,-1.8411998450756073,0.00021226279386610258
1828,-1.8713720619678498,0.00020607483529602177
1829,-1.8664147496223449,0.0002275490482134046
1830,-1.8775562226772309,0.00020413253514561802
1831,-1.8610721290111543,0.00024956998095149174
1832,-1.8598761320114137,0.00022280127741396426
1833,-1.8783569872379302,0.0002114871640515048
1834,-1.8941166579723359,0.00023555645311716943
1835,-1.8827305734157562,0.00019810881967714523
1836,-1.8743569016456605,0.00023946396104292944
1837,-1.87879176735878,0.0002581369008112233
1838,-1.8998559415340424,0.00019118375639664008
1839,-1.879538321495056,0.0002067976318357978
1840,-1.8813237309455872,0.0001886992176878266
1841,-1.8919030129909515,0.00020330617917352356
1842,-1.8835501730442048,0.0002460129158862401
1843,-1.8872816622257234,0.0002503539679310052
1844,-1.8852440655231475,0.00021451975117088297
1845,-1.9006473004817963,0.00020061740215169266
1846,-1.9027156591415406,0.00019518981061992236
1847,-1.8977691173553466,0.0002175558802264277
1848,-1.9047472536563874,0.00022008353407727556
1849,-1.9071882665157318,0.00019642464503704103
1850,-1.8950059533119201,0.00023969232461240608
1851,-1.8999258279800415,0.0001724642490444239
1852,-1.9091701328754425,0.00019687437088578008
1853,-1.9098536133766175,0.00021029831623309292
1854,-1.9060154676437377,0.00021613458811771126
1855,-1.9010344564914703,0.00020088527307962067
1856,-1.9109420955181122,0.0002307486458448693
1857,-1.9074024736881257,0.00018220720266981516
1858,-1.9095605969429017,0.00021444246958708392
1859,-1.914746141433716,0.00018332446852582508
1860,-1.9145106554031373,0.00021087939203425776
1861,-1.9045273065567017,0.00024135182684403844
1862,-1.9129092812538147,0.00023428143795172217
1863,-1.9284486949443818,0.00032221365363511724
1864,-1.921419870853424,0.0002003275127208326
1865,-1.9165630877017974,0.00019679798315337395
1866,-1.9219512581825255,0.00020104064897168427
1867,-1.928393429517746,0.0001877397811767878
1868,-1.92723228931427,0.0001941457732755225
1869,-1.9354537367820739,0.00017055420721590053
1870,-1.9150629758834838,0.00020945411451975816
1871,-1.921168828010559,0.0002404543112788815
1872,-1.9298744320869445,0.00023879698637756518
1873,-1.9404469966888427,0.00017193565472553018
1874,-1.9350177645683289,0.00024581746838521213
1875,-1.9290318548679353,0.00020536172269203234
1876,-1.9373004376888274,0.0001843559763074154
1877,-1.9342205941677093,0.00016912879946175962
1878,-1.9387633562088014,0.0002191524297813885
1879,-1.943149161338806,0.00019411646462685894
1880,-1.9422139763832091,0.00019334936514496802
1881,-1.9549020290374757,0.0002018061230046442
1882,-1.9413737297058105,0.00020535158073471395
1883,-1.93609761595726,0.00022107195400167257
1884,-1.9497328102588654,0.000184228522630292
1885,-1.954929393529892,0.00020294613350415602
1886,-1.9485189139842987,0.0001866592196165584
1887,-1.9435942411422729,0.00021040409301349429
1888,-1.9605297029018403,0.00021333553013391793
1889,-1.9526571750640869,0.0001995188529690495
1890,-1.9488039553165435,0.00019861963228322564
1891,-1.9496759355068207,0.000287768281850731
1892,-1.9588397920131684,0.00020281037141103297
1893,-1.9586135983467101,0.00021272814374242443
1894,-1.971061146259308,0.00018825007427949458
1895,-1.9672239899635315,0.00021427557767310644
1896,-1.9695295572280884,0.0003028637576790061
1897,-1.970047229528427,0.00023004322210908867
1898,-1.9584668815135955,0.0002860669053916354
1899,-1.958361065387726,0.00024267605112981983
1900,-1.9801112234592437,0.00022054212458897383
1901,-1.9825995326042176,0.00023161612552939913
1902,-1.9738370597362518,0.00023754842404741794
1903,-1.9736560761928559,0.00022695135266985743
1904,-1.9801954090595246,0.00017699809577607085
1905,-1.9821149587631226,0.00024225694978667888
1906,-1.9790894865989686,0.0002833074802765623
1907,-1.9839467525482177,0.00020871586821158417
1908,-1.9703100323677063,0.0002554576385591645
1909,-1.974086856842041,0.00024269708810606972
1910,-1.9762698352336883,0.00023449037689715624
1911,-1.9858008086681367,0.00021746559359598906
1912,-1.991924923658371,0.000256069416354876
1913,-1.9985536098480225,0.0002297812985489145
1914,-1.9829934418201447,0.0002086327411234379
1915,-1.9888979136943816,0.00022467239759862422
1916,-1.9982716977596282,0.00019826967145490925
1917,-1.9899411261081696,0.00023290779208764433
1918,-1.99454208612442,0.00021869446864002383
1919,-1.9937662124633788,0.00019751246582018213
1920,-1.995498490333557,0.00022068388352636248
1921,-2.00060875415802,0.00024612495762994514
1922,-1.9892474949359893,0.0002264235976326745
1923,-1.9980320453643798,0.00021473312517628074
1924,-2.0081256330013275,0.0002348331287066685
1925,-2.0013608813285826,0.00026131215345230884
1926,-2.002294635772705,0.00021472425942192785
1927,-2.001843184232712,0.00021132896072231233
1928,-2.0048028588294984,0.0002078253892250359
1929,-2.004326802492142,0.00025551292055752127
1930,-2.009922814369202,0.00019096249270660336
1931,-2.0104120671749115,0.00020799461563001387
1932,-1.9977153956890106,0.00019794654872384854
1933,-1.9929203867912293,0.00021840644112671725
1934,-2.0108801245689394,0.00020767455571331085
1935,-2.0211707592010497,0.00019639488091343081
1936,-2.0224561631679534,0.0001914308981213253
1937,-2.020659416913986,0.00021181572337809486
1938,-2.0212120413780212,0.00018026950929197482
1939,-2.0186986327171326,0.0002130436394509161
1940,-2.0289764404296875,0.00019047544956265483
1941,-2.0277695178985597,0.00018781212856993078
1942,-2.0222064912319184,0.00019891278898285237
1943,-2.0192321300506593,0.00021577552033704705
1944,-2.0244657158851624,0.0001847490308136912
1945,-2.0211349785327912,0.0002173841799958609
1946,-2.0370989441871643,0.00021498217975022272
1947,-2.0411886632442475,0.0001741380339808529
1948,-2.0371682047843933,0.00014757606259081514
1949,-2.038082551956177,0.00019811939273495227
1950,-2.0311973214149477,0.00016401071916334332
1951,-2.030951642990112,0.00017149307823274284
1952,-2.039825475215912,0.0001934698135301005
1953,-2.0366635859012603,0.00015931085836200508
1954,-2.038646012544632,0.00016617721812508534
1955,-2.0360340774059296,0.00019735131681954953
1956,-2.055847942829132,0.00017777007633412722
1957,-2.0457649707794188,0.00015229300224746113
1958,-2.053254508972168,0.00019260827975813298
1959,-2.046014404296875,0.0001739801955409348
1960,-2.0563257217407225,0.00017348391193081625
1961,-2.0496639370918275,0.00018916032786364667
1962,-2.0408923864364623,0.00015832082681299653
1963,-2.0569283962249756,0.00016121057160489727
1964,-2.062110686302185,0.00017164477685582824
1965,-2.04639550447464,0.00017721179501677397
1966,-2.0656248450279238,0.000201334946177667
1967,-2.058372175693512,0.00013949097410659306
1968,-2.0529355883598326,0.00020750889925693627
1969,-2.065153181552887,0.00015737080429971683
1970,-2.059596687555313,0.0001663656727032503
1971,-2.07316392660141,0.0001540290417324286
1972,-2.057797223329544,0.00015832228637009395
1973,-2.073262894153595,0.00012538956907519604
1974,-2.07642263174057,0.00014270996216509958
1975,-2.072686767578125,0.0001578755400259979
1976,-2.072374773025513,0.00015762792572786565
1977,-2.0652390837669374,0.00014430548544623888
1978,-2.067522644996643,0.00013889402944187169
1979,-2.0713654160499573,0.00013418377238849644
1980,-2.0817612767219544,0.00016048924408096354
1981,-2.0787287950515747,0.00013520192333089654
1982,-2.078825891017914,0.0001723571062029805
1983,-2.0739307045936584,0.000205977251243894
1984,-2.0782280564308167,0.00015852111755521037
1985,-2.0826165318489074,0.000205045847906149
1986,-2.072531998157501,0.00016453390344395302
1987,-2.077323544025421,0.000191745759366313
1988,-2.0817954421043394,0.00013619061464851257
1989,-2.0866411089897157,0.00019095019306405447
1990,-2.085643458366394,0.00014073958300286904
1991,-2.079604470729828,0.0001694608734396752
1992,-2.090648591518402,0.00013783237736788578
1993,-2.0972342491149902,0.0001479752860177541
1994,-2.0957261323928833,0.00013913118091295472
1995,-2.1005072355270387,0.00013512243931472766
1996,-2.0847831845283507,0.00012365269503789023
1997,-2.0878636598587037,0.00017814302009355742
1998,-2.1064053654670714,0.00013918137774453497
